timestamp,x,y,z
1523149443730396,0.22168,-0.619629,0.75293
1523149443746942,0.243164,-0.608398,0.73291
1523149443769501,0.255371,-0.637207,0.720703
1523149443790557,0.255859,-0.615234,0.715332
1523149443807100,0.254395,-0.586914,0.731934
1523149443829160,0.23291,-0.632324,0.727539
1523149443850214,0.247559,-0.626465,0.750977
1523149443866761,0.249023,-0.619141,0.749512
1523149443889327,0.240723,-0.642578,0.736328
1523149443910379,0.230957,-0.633789,0.744629
1523149443926922,0.229492,-0.617188,0.746094
1523149443949481,0.243652,-0.620605,0.742188
1523149443970538,0.264648,-0.619629,0.731445
1523149443987083,0.255371,-0.616211,0.725098
1523149444009641,0.231445,-0.611816,0.733887
1523149444030779,0.22168,-0.615234,0.731934
1523149444046744,0.240234,-0.612305,0.730469
1523149444069364,0.245605,-0.609863,0.737305
1523149444091926,0.227539,-0.605469,0.74707
1523149444106966,0.233398,-0.613281,0.769531
1523149444129570,0.298828,-0.539551,0.752441
1523149444152085,0.277832,-0.600098,0.762207
1523149444167126,0.269531,-0.631348,0.787598
1523149444189684,0.222656,-0.614746,0.771973
1523149444211744,0.222656,-0.626953,0.754883
1523149444226782,0.222168,-0.586426,0.743652
1523149444249343,0.219727,-0.591309,0.729492
1523149444271903,0.231445,-0.592285,0.719238
1523149444285940,0.257324,-0.606934,0.732422
1523149444309503,0.251465,-0.623047,0.739746
1523149444332063,0.251465,-0.610352,0.748047
1523149444346254,0.246582,-0.597656,0.759766
1523149444369316,0.244141,-0.600586,0.758301
1523149444391876,0.239258,-0.599609,0.753418
1523149444406416,0.239258,-0.587402,0.752441
1523149444429484,0.243652,-0.59375,0.735352
1523149444452036,0.246582,-0.59375,0.733887
1523149444466080,0.252441,-0.60498,0.727051
1523149444489168,0.23584,-0.600098,0.731445
1523149444517743,0.235352,-0.606934,0.739258
1523149444526266,0.239258,-0.606934,0.737793
1523149444549329,0.244141,-0.601074,0.746582
1523149444571887,0.248535,-0.596191,0.742676
1523149444586426,0.256348,-0.589355,0.762207
1523149444609487,0.260742,-0.586426,0.780273
1523149444632049,0.252441,-0.604492,0.791504
1523149444653102,0.277832,-0.577148,0.776855
1523149444669650,0.23877,-0.609375,0.792969
1523149444691707,0.244141,-0.628906,0.795898
1523149444713057,0.219727,-0.629883,0.783691
1523149444729307,0.210938,-0.605469,0.76123
1523149444751866,0.224121,-0.601074,0.739258
1523149444772920,0.225586,-0.607422,0.722656
1523149444788964,0.230469,-0.570313,0.719727
1523149444812079,0.237305,-0.562988,0.725098
1523149444833133,0.242188,-0.55957,0.736328
1523149444849124,0.224121,-0.603027,0.73877
1523149444871685,0.248047,-0.609375,0.752441
1523149444892796,0.239258,-0.606445,0.770508
1523149444909284,0.237793,-0.595215,0.775391
1523149444931853,0.241699,-0.583008,0.777344
1523149444952902,0.243164,-0.573242,0.780273
1523149444969445,0.252441,-0.574219,0.771973
1523149444992006,0.249512,-0.581543,0.765625
1523149445013063,0.235352,-0.588867,0.762695
1523149445029620,0.228027,-0.586914,0.769531
1523149445051669,0.223145,-0.588379,0.752441
1523149445074226,0.229004,-0.583008,0.756348
1523149445089264,0.230957,-0.584473,0.762207
1523149445111828,0.236816,-0.589844,0.756348
1523149445134386,0.226563,-0.59668,0.744141
1523149445149428,0.257813,-0.563965,0.765625
1523149445171984,0.256836,-0.575684,0.753418
1523149445194552,0.274902,-0.589844,0.770996
1523149445209585,0.274902,-0.587402,0.771973
1523149445232144,0.273926,-0.587402,0.789551
1523149445254202,0.265137,-0.591309,0.802246
1523149445268744,0.239258,-0.589844,0.791504
1523149445291802,0.250488,-0.594727,0.808594
1523149445314891,0.23877,-0.542969,0.790527
1523149445328900,0.233398,-0.589844,0.783203
1523149445351963,0.241211,-0.529297,0.780273
1523149445374524,0.227539,-0.57666,0.76709
1523149445389280,0.255371,-0.571777,0.758301
1523149445412125,0.256836,-0.560547,0.756348
1523149445434184,0.258789,-0.554199,0.751953
1523149445448722,0.262695,-0.550781,0.755859
1523149445471784,0.271484,-0.544434,0.756836
1523149445494343,0.266113,-0.556641,0.750977
1523149445508881,0.258301,-0.556152,0.749023
1523149445531943,0.259277,-0.556641,0.754395
1523149445554503,0.250488,-0.553711,0.753906
1523149445575763,0.254395,-0.55957,0.759766
1523149445591604,0.252441,-0.567871,0.763672
1523149445614164,0.247559,-0.569336,0.769043
1523149445635219,0.26416,-0.564453,0.771973
1523149445651761,0.248535,-0.578125,0.780273
1523149445674324,0.265137,-0.571289,0.791504
1523149445695629,0.244629,-0.561035,0.798828
1523149445711926,0.253418,-0.555176,0.789551
1523149445734481,0.247559,-0.54834,0.791504
1523149445755779,0.252441,-0.566895,0.791016
1523149445772083,0.246582,-0.551758,0.782715
1523149445794643,0.23877,-0.577637,0.783691
1523149445815698,0.226074,-0.540527,0.771973
1523149445831743,0.233398,-0.534668,0.749023
1523149445854300,0.231445,-0.576172,0.761719
1523149445859817,0.258789,-0.575684,0.768555
1523149445882624,0.256348,-0.554199,0.770508
1523149445905077,0.261719,-0.563965,0.786621
1523149445919973,0.260742,-0.55957,0.773926
1523149445942642,0.255859,-0.5625,0.776855
1523149445957267,0.25293,-0.563477,0.762695
1523149445979634,0.257324,-0.568359,0.75293
1523149446002347,0.253418,-0.570313,0.759766
1523149446017233,0.254395,-0.567871,0.765137
1523149446040020,0.252441,-0.564453,0.772949
1523149446062353,0.256836,-0.557129,0.770508
1523149446077647,0.255859,-0.567871,0.780762
1523149446099772,0.252441,-0.574707,0.779785
1523149446122336,0.256836,-0.584473,0.783691
1523149446137622,0.25,-0.55957,0.79541
1523149446160010,0.253906,-0.569824,0.782715
1523149446185002,0.227539,-0.568848,0.776367
1523149446197251,0.244629,-0.578613,0.775879
1523149446219819,0.249512,-0.566406,0.772949
1523149446242657,0.256348,-0.589844,0.760254
1523149446257444,0.256348,-0.567383,0.76709
1523149446279925,0.254883,-0.583008,0.770996
1523149446302511,0.255371,-0.574219,0.786621
1523149446317354,0.254395,-0.593262,0.787598
1523149446339960,0.244141,-0.562012,0.77832
1523149446362473,0.243652,-0.562988,0.773926
1523149446377614,0.253418,-0.55957,0.766602
1523149446400073,0.248535,-0.552246,0.756348
1523149446431407,0.248047,-0.557129,0.754883
1523149446437249,0.249023,-0.569336,0.755371
1523149446461239,0.255371,-0.584473,0.763672
1523149446482294,0.251953,-0.583984,0.762207
1523149446498835,0.251465,-0.583008,0.758789
1523149446520096,0.25293,-0.570313,0.766602
1523149446542636,0.257813,-0.569336,0.769531
1523149446557495,0.257324,-0.561523,0.773438
1523149446580087,0.26709,-0.566895,0.776367
1523149446602109,0.258301,-0.581055,0.79541
1523149446618653,0.260254,-0.592285,0.794434
1523149446639710,0.248535,-0.579102,0.803711
1523149446662425,0.23877,-0.581055,0.783691
1523149446678815,0.228027,-0.569824,0.769043
1523149446707417,0.244629,-0.565918,0.77002
1523149446722648,0.250977,-0.560547,0.765137
1523149446738499,0.250977,-0.555664,0.768066
1523149446760224,0.239258,-0.574707,0.770508
1523149446782373,0.23291,-0.570801,0.775879
1523149446798663,0.225586,-0.562012,0.759277
1523149446819877,0.237305,-0.573242,0.762207
1523149446842275,0.234375,-0.554199,0.780273
1523149446858821,0.244629,-0.591797,0.785156
1523149446879875,0.251465,-0.581543,0.774414
1523149446902436,0.261719,-0.569824,0.772949
1523149446918982,0.266113,-0.580078,0.755859
1523149446939535,0.26416,-0.578613,0.76123
1523149446962810,0.256836,-0.570313,0.760742
1523149446980143,0.24707,-0.571777,0.77002
1523149446999765,0.233398,-0.574707,0.761719
1523149447022324,0.233398,-0.577637,0.762207
1523149447040373,0.236816,-0.571289,0.761719
1523149447060154,0.246582,-0.566406,0.771484
1523149447082485,0.25293,-0.55957,0.778809
1523149447100030,0.253418,-0.564941,0.780762
1523149447120088,0.245117,-0.574707,0.785645
1523149447142143,0.23291,-0.579102,0.779785
1523149447160224,0.267578,-0.591797,0.779297
1523149447179742,0.239746,-0.58252,0.762207
1523149447202653,0.259766,-0.571289,0.756348
1523149447220669,0.253418,-0.580078,0.76709
1523149447239861,0.23584,-0.572754,0.755371
1523149447262748,0.240723,-0.609375,0.791992
1523149447280265,0.237305,-0.54541,0.763672
1523149447299823,0.254395,-0.546387,0.772949
1523149447322376,0.263672,-0.601074,0.771484
1523149447340752,0.270508,-0.612793,0.781738
1523149447360122,0.250977,-0.57959,0.79834
1523149447382054,0.256836,-0.568359,0.785156
1523149447400084,0.273926,-0.584473,0.760742
1523149447420380,0.265137,-0.564453,0.765137
1523149447442622,0.243652,-0.554199,0.751953
1523149447460170,0.233398,-0.568359,0.749023
1523149447479721,0.252441,-0.573242,0.741211
1523149447502355,0.26416,-0.574707,0.730469
1523149447520349,0.27002,-0.567383,0.73291
1523149447539944,0.276855,-0.571777,0.743652
1523149447562698,0.276855,-0.578125,0.748535
1523149447579989,0.269531,-0.589844,0.742676
1523149447601044,0.272461,-0.60498,0.747559
1523149447622353,0.258301,-0.614746,0.768555
1523149447640147,0.279297,-0.597656,0.807129
1523149447661204,0.249023,-0.592773,0.797852
1523149447682264,0.255371,-0.580566,0.796875
1523149447700307,0.26709,-0.566895,0.780273
1523149447721364,0.268066,-0.560059,0.778809
1523149447742671,0.269531,-0.579102,0.78125
1523149447759966,0.273438,-0.577637,0.779785
1523149447781524,0.258301,-0.578613,0.74707
1523149447802578,0.253906,-0.574707,0.747559
1523149447820125,0.238281,-0.566406,0.743652
1523149447840990,0.255371,-0.57666,0.750488
1523149447862648,0.254395,-0.609375,0.745117
1523149447880092,0.246582,-0.585938,0.741211
1523149447900952,0.235352,-0.570801,0.749512
1523149447922650,0.243652,-0.572754,0.754395
1523149447940058,0.266113,-0.575195,0.753906
1523149447962617,0.274414,-0.57373,0.753906
1523149447982170,0.289551,-0.58252,0.75
1523149448000217,0.294434,-0.595703,0.746582
1523149448022778,0.300293,-0.583496,0.746582
1523149448042574,0.272461,-0.60791,0.741699
1523149448059943,0.236816,-0.59668,0.749023
1523149448082503,0.222656,-0.592285,0.756836
1523149448102555,0.213379,-0.588867,0.768555
1523149448126120,0.234863,-0.598145,0.776367
1523149448142663,0.285645,-0.556152,0.825684
1523149448162376,0.260254,-0.607422,0.770508
1523149448180264,0.260742,-0.60791,0.769043
1523149448202826,0.26123,-0.640625,0.762207
1523149448222692,0.249023,-0.608398,0.751465
1523149448239921,0.230957,-0.605469,0.723145
1523149448262985,0.24707,-0.581543,0.729004
1523149448282034,0.249512,-0.589844,0.728516
1523149448301585,0.255371,-0.60791,0.720215
1523149448322640,0.252441,-0.589844,0.719238
1523149448342810,0.252441,-0.599121,0.725586
1523149448360274,0.249512,-0.601563,0.734863
1523149448382833,0.255371,-0.592285,0.765137
1523149448402385,0.248535,-0.585938,0.774414
1523149448420433,0.255371,-0.592773,0.775879
1523149448443275,0.263672,-0.603516,0.779297
1523149448463549,0.271484,-0.606445,0.765625
1523149448480093,0.266602,-0.591797,0.763184
1523149448502753,0.264648,-0.595215,0.76123
1523149448523809,0.265137,-0.611816,0.769043
1523149448540693,0.259277,-0.620117,0.744629
1523149448563914,0.242676,-0.625,0.743652
1523149448583967,0.257324,-0.613281,0.763672
1523149448600017,0.225098,-0.601563,0.756348
1523149448622570,0.241211,-0.583984,0.757324
1523149448643626,0.238281,-0.566895,0.754395
1523149448660171,0.253906,-0.584473,0.751953
1523149448682731,0.270508,-0.578125,0.743652
1523149448703787,0.277344,-0.588379,0.728516
1523149448720332,0.265625,-0.565918,0.731934
1523149448742892,0.233398,-0.572266,0.747559
1523149448763951,0.238281,-0.57666,0.750977
1523149448778485,0.237793,-0.610352,0.765625
1523149448802047,0.22998,-0.625488,0.77832
1523149448823105,0.244141,-0.599609,0.78125
1523149448838646,0.245605,-0.595703,0.776855
1523149448861707,0.258301,-0.587402,0.769043
1523149448884267,0.255859,-0.57373,0.766602
1523149448905322,0.256836,-0.571777,0.765625
1523149448927883,0.268066,-0.574707,0.753418
1523149448944428,0.265625,-0.588379,0.741699
1523149448965487,0.253418,-0.591797,0.731445
1523149448982029,0.250977,-0.603027,0.734863
1523149449004587,0.250488,-0.599609,0.728516
1523149449018623,0.248535,-0.603027,0.737305
1523149449041685,0.258301,-0.607422,0.739258
1523149449064246,0.262207,-0.583984,0.750488
1523149449078784,0.256348,-0.583496,0.77002
1523149449101845,0.256348,-0.604492,0.765137
1523149449124405,0.227539,-0.612305,0.77832
1523149449138443,0.250977,-0.612305,0.786133
1523149449162007,0.228516,-0.60791,0.772949
1523149449184565,0.257324,-0.583496,0.769043
1523149449198607,0.242676,-0.59375,0.769043
1523149449221664,0.247559,-0.585938,0.760254
1523149449244224,0.25,-0.601074,0.757813
1523149449258763,0.258789,-0.634277,0.739258
1523149449281824,0.248535,-0.560547,0.746582
1523149449304387,0.248047,-0.566895,0.737305
1523149449318923,0.231934,-0.615234,0.741211
1523149449341984,0.248047,-0.606445,0.759277
1523149449364544,0.234375,-0.585449,0.767578
1523149449385600,0.252441,-0.604004,0.769043
1523149449401643,0.25,-0.602051,0.759766
1523149449424203,0.256348,-0.589844,0.751953
1523149449445262,0.259766,-0.599121,0.75
1523149449461804,0.259766,-0.592773,0.743164
1523149449484365,0.259766,-0.593262,0.73584
1523149449505419,0.258301,-0.589355,0.735352
1523149449521963,0.264648,-0.584473,0.751465
1523149449544522,0.258789,-0.577148,0.752441
1523149449565579,0.244629,-0.581543,0.769531
1523149449582130,0.232422,-0.595703,0.772461
1523149449604182,0.269531,-0.562012,0.766602
1523149449625239,0.237793,-0.595215,0.770508
1523149449641783,0.234863,-0.609375,0.771973
1523149449664342,0.233887,-0.599121,0.777832
1523149449685400,0.246094,-0.604492,0.763672
1523149449701943,0.245605,-0.589355,0.759277
1523149449724501,0.245117,-0.581055,0.752441
1523149449745561,0.245117,-0.592285,0.754395
1523149449762102,0.239258,-0.605469,0.760254
1523149449791683,0.230469,-0.558594,0.736816
1523149449806723,0.220215,-0.574707,0.738281
1523149449821761,0.23291,-0.569336,0.74707
1523149449844320,0.23584,-0.599609,0.743164
1523149449866891,0.249512,-0.591797,0.759277
1523149449881921,0.260254,-0.591797,0.77002
1523149449904481,0.253418,-0.607422,0.756836
1523149449927040,0.254883,-0.605957,0.760254
1523149449941078,0.259277,-0.608398,0.757813
1523149449964641,0.259277,-0.602051,0.753906
1523149449986702,0.23877,-0.592285,0.748047
1523149450001239,0.23584,-0.589355,0.753418
1523149450024301,0.234863,-0.588867,0.755859
1523149450046860,0.245117,-0.582031,0.773438
1523149450061397,0.252441,-0.589844,0.777344
1523149450084462,0.251465,-0.600098,0.775391
1523149450107019,0.249023,-0.586914,0.777344
1523149450121559,0.235352,-0.608887,0.769531
1523149450144621,0.258301,-0.606445,0.780762
1523149450167183,0.240234,-0.602539,0.773438
1523149450181217,0.254883,-0.598633,0.780273
1523149450204278,0.249023,-0.578613,0.779297
1523149450226839,0.234863,-0.578613,0.800293
1523149450247902,0.213867,-0.596191,0.779297
1523149450264440,0.178223,-0.596191,0.754883
1523149450286999,0.162598,-0.513672,0.734375
1523149450308053,0.271973,-0.537598,0.757324
1523149450324098,0.219727,-0.63916,0.757324
1523149450346658,0.217773,-0.597168,0.775879
1523149450368216,0.200195,-0.61377,0.757324
1523149450384258,0.1875,-0.610352,0.742188
1523149450406817,0.205566,-0.588867,0.726563
1523149450427874,0.220215,-0.580078,0.733398
1523149450444417,0.222168,-0.571289,0.743652
1523149450466978,0.230957,-0.566895,0.762207
1523149450488033,0.217773,-0.576172,0.77002
1523149450504178,0.222168,-0.568359,0.780273
1523149450526738,0.223633,-0.567871,0.78418
1523149450547795,0.226074,-0.586914,0.782227
1523149450564339,0.230957,-0.595215,0.8125
1523149450594416,0.223145,-0.645508,0.786621
1523149450607986,0.202148,-0.625977,0.791992
1523149450625031,0.202148,-0.5625,0.752441
1523149450647093,0.206055,-0.583984,0.751953
1523149450668146,0.219727,-0.617188,0.753906
1523149450684190,0.223633,-0.595215,0.772461
1523149450706750,0.221191,-0.584473,0.764648
1523149450729310,0.219727,-0.582031,0.765137
1523149450744351,0.229492,-0.560059,0.764648
1523149450766909,0.25293,-0.563965,0.76416
1523149450789470,0.253418,-0.57666,0.760742
1523149450804509,0.254883,-0.585449,0.761719
1523149450827069,0.241699,-0.602051,0.770508
1523149450849128,0.223145,-0.607422,0.759277
1523149450870184,0.213867,-0.61377,0.754395
1523149450886727,0.213379,-0.608398,0.764648
1523149450909289,0.221191,-0.591797,0.76416
1523149450923827,0.220703,-0.584473,0.766602
1523149450946889,0.228027,-0.577637,0.766602
1523149450969449,0.236328,-0.569824,0.770996
1523149450983486,0.244141,-0.567383,0.762207
1523149451007048,0.246094,-0.580078,0.766113
1523149451029107,0.243652,-0.596191,0.761719
1523149451043646,0.256836,-0.589844,0.748047
1523149451066708,0.226563,-0.611328,0.767578
1523149451089268,0.225586,-0.607422,0.767578
1523149451103805,0.209473,-0.59375,0.765625
1523149451126867,0.218262,-0.601074,0.770996
1523149451149929,0.216797,-0.583496,0.76416
1523149451163464,0.211426,-0.584473,0.756836
1523149451187026,0.217773,-0.615234,0.74707
1523149451209603,0.219238,-0.571289,0.754395
1523149451230643,0.222656,-0.599609,0.739258
1523149451246686,0.22998,-0.594727,0.73877
1523149451269247,0.240723,-0.585449,0.755371
1523149451290305,0.24707,-0.588867,0.756836
1523149451306847,0.253906,-0.59668,0.765625
1523149451329912,0.253906,-0.598145,0.773438
1523149451350462,0.256836,-0.594727,0.761719
1523149451367007,0.248047,-0.591309,0.765625
1523149451389566,0.232422,-0.598145,0.753418
1523149451410626,0.21582,-0.600586,0.759277
1523149451426665,0.217285,-0.602051,0.756836
1523149451455244,0.217285,-0.607422,0.748535
1523149451470282,0.235352,-0.600586,0.743652
1523149451486825,0.251465,-0.606445,0.754883
1523149451509384,0.258301,-0.594727,0.765137
1523149451530443,0.259766,-0.598145,0.780273
1523149451546987,0.248047,-0.611328,0.785645
1523149451569546,0.245117,-0.606934,0.781738
1523149451590601,0.235352,-0.614746,0.756836
1523149451606644,0.242676,-0.619141,0.76416
1523149451629204,0.219238,-0.602051,0.755859
1523149451650260,0.230957,-0.59082,0.762695
1523149451666803,0.226563,-0.599121,0.745605
1523149451689363,0.22998,-0.576172,0.731445
1523149451711924,0.229492,-0.604492,0.723145
1523149451732989,0.222656,-0.603027,0.688965
1523149451749530,0.22998,-0.587402,0.729492
1523149451772084,0.246582,-0.59668,0.728516
1523149451786123,0.259766,-0.625977,0.752441
1523149451809182,0.268066,-0.601074,0.76416
1523149451831742,0.256348,-0.598145,0.775391
1523149451846283,0.242188,-0.607422,0.784668
1523149451869343,0.23877,-0.610352,0.777832
1523149451891903,0.240723,-0.60498,0.770508
1523149451905941,0.240234,-0.610352,0.760254
1523149451929504,0.233887,-0.601074,0.748535
1523149451952063,0.234863,-0.612305,0.741699
1523149451966100,0.242188,-0.611328,0.736328
1523149451989162,0.249023,-0.612305,0.738281
1523149452012223,0.248047,-0.611816,0.745117
1523149452026260,0.244141,-0.604004,0.746582
1523149452049322,0.248047,-0.597656,0.74707
1523149452071882,0.243652,-0.592773,0.759766
1523149452086422,0.229004,-0.599121,0.766113
1523149452109481,0.230469,-0.598633,0.773438
1523149452132042,0.226074,-0.614746,0.757324
1523149452146087,0.260254,-0.621094,0.765625
1523149452169141,0.23584,-0.608398,0.746094
1523149452191708,0.244629,-0.612793,0.754395
1523149452213258,0.237305,-0.641113,0.748535
1523149452229301,0.231445,-0.583496,0.752441
1523149452257876,0.233398,-0.581055,0.729492
1523149452272925,0.244629,-0.571777,0.72998
1523149452289462,0.240234,-0.605957,0.745117
1523149452312022,0.247559,-0.600098,0.761719
1523149452333077,0.233887,-0.613281,0.773926
1523149452349621,0.228516,-0.608887,0.762207
1523149452371680,0.233398,-0.61084,0.748535
1523149452392736,0.240234,-0.605469,0.75293
1523149452409279,0.253418,-0.608887,0.74707
1523149452431842,0.255371,-0.606934,0.746582
1523149452452895,0.259766,-0.60791,0.751465
1523149452469440,0.267578,-0.60498,0.739258
1523149452492004,0.263672,-0.601563,0.743652
1523149452513055,0.253906,-0.600586,0.743652
1523149452529600,0.238281,-0.597168,0.757813
1523149452552662,0.22998,-0.606445,0.755859
1523149452573216,0.228516,-0.598633,0.754395
1523149452589262,0.256836,-0.577148,0.76416
1523149452611818,0.234863,-0.620605,0.753906
1523149452634382,0.235352,-0.625,0.762207
1523149452649418,0.238281,-0.607422,0.766113
1523149452671978,0.247559,-0.608887,0.768066
1523149452694538,0.238281,-0.603516,0.76123
1523149452709579,0.229492,-0.587402,0.751953
1523149452732139,0.229492,-0.588379,0.747559
1523149452754197,0.227051,-0.572754,0.725098
1523149452769239,0.234375,-0.568848,0.720703
1523149452791800,0.231445,-0.601563,0.726563
1523149452814861,0.223145,-0.606934,0.740723
1523149452828897,0.224609,-0.617188,0.751465
1523149452852093,0.224121,-0.639648,0.764648
1523149452874258,0.232422,-0.636719,0.778809
1523149452888797,0.237793,-0.631836,0.779297
1523149452911856,0.245117,-0.616211,0.776367
1523149452934417,0.248047,-0.611328,0.762207
1523149452948453,0.254395,-0.591797,0.749512
1523149452972017,0.245117,-0.591309,0.745117
1523149452994576,0.235352,-0.582031,0.734375
1523149453008703,0.239746,-0.586426,0.722656
1523149453031765,0.237305,-0.585449,0.723633
1523149453054325,0.23877,-0.59082,0.732422
1523149453068864,0.239258,-0.592285,0.741699
1523149453091889,0.234375,-0.61084,0.75293
1523149453114449,0.247559,-0.627441,0.762695
1523149453135508,0.226563,-0.657715,0.781738
1523149453152049,0.240234,-0.64502,0.800781
1523149453174611,0.20752,-0.635254,0.800293
1523149453195163,0.214844,-0.612305,0.788574
1523149453211709,0.209961,-0.622559,0.769531
1523149453234267,0.209961,-0.586426,0.757813
1523149453255327,0.210449,-0.577637,0.725098
1523149453271868,0.217285,-0.571289,0.714355
1523149453294428,0.22168,-0.59082,0.708008
1523149453315483,0.225586,-0.61084,0.702637
1523149453332031,0.208496,-0.625,0.723633
1523149453354590,0.225098,-0.617188,0.73877
1523149453375144,0.228516,-0.611816,0.742188
1523149453397704,0.229492,-0.61377,0.756836
1523149453414248,0.241699,-0.614746,0.77002
1523149453435302,0.237793,-0.615234,0.775391
1523149453451846,0.227539,-0.601074,0.776855
1523149453474406,0.233887,-0.60498,0.771484
1523149453495470,0.233887,-0.60498,0.769043
1523149453512009,0.244141,-0.609863,0.759277
1523149453534566,0.233887,-0.606934,0.747559
1523149453555623,0.238281,-0.617188,0.742188
1523149453571665,0.228027,-0.630371,0.753418
1523149453594225,0.230469,-0.633789,0.760254
1523149453616785,0.198242,-0.657715,0.75293
1523149453631825,0.22168,-0.634277,0.771484
1523149453654386,0.179688,-0.622559,0.760742
1523149453677447,0.19873,-0.61084,0.76416
1523149453691987,0.199707,-0.598633,0.76123
1523149453714546,0.204102,-0.618652,0.76709
1523149453737108,0.224121,-0.595215,0.771484
1523149453751647,0.227539,-0.571289,0.734375
1523149453774211,0.223145,-0.619629,0.725098
1523149453796772,0.21582,-0.608398,0.731934
1523149453811303,0.210449,-0.600098,0.717285
1523149453834365,0.235352,-0.645508,0.740723
1523149453856930,0.274902,-0.630859,0.75293
1523149453871472,0.211914,-0.597168,0.771973
1523149453894526,0.183105,-0.60791,0.783691
1523149453917089,0.197266,-0.597168,0.779785
1523149453931124,0.230957,-0.60791,0.757813
1523149453954691,0.226563,-0.602051,0.751465
1523149453976745,0.205566,-0.608398,0.743652
1523149453991294,0.1875,-0.606934,0.744141
1523149454014348,0.210938,-0.608398,0.733398
1523149454036911,0.213379,-0.606445,0.726563
1523149454051445,0.217285,-0.604004,0.734863
1523149454074513,0.233887,-0.594727,0.753418
1523149454097064,0.25293,-0.602539,0.759277
1523149454118127,0.251953,-0.610352,0.774414
1523149454134668,0.290527,-0.543945,0.828125
1523149454156724,0.233398,-0.644043,0.806152
1523149454177780,0.211914,-0.62793,0.790527
1523149454194322,0.209961,-0.615234,0.790527
1523149454216885,0.206055,-0.618652,0.768555
1523149454238283,0.202637,-0.60498,0.76123
1523149454254336,0.197754,-0.57666,0.748535
1523149454276892,0.211914,-0.598145,0.732422
1523149454298003,0.214844,-0.600098,0.706543
1523149454314306,0.194336,-0.481445,0.693848
1523149454336861,0.17041,-0.627441,0.708008
1523149454357919,0.224121,-0.59375,0.746094
1523149454374462,0.241699,-0.652344,0.76416
1523149454397099,0.257813,-0.624512,0.759277
1523149454418261,0.249023,-0.606934,0.770996
1523149454434408,0.210449,-0.612793,0.788086
1523149454456956,0.191895,-0.606445,0.788086
1523149454479365,0.193848,-0.606934,0.781738
1523149454494404,0.234375,-0.616211,0.767578
1523149454516964,0.227539,-0.598633,0.762207
1523149454539526,0.249512,-0.614746,0.735352
1523149454554567,0.237793,-0.598633,0.742188
1523149454576625,0.229492,-0.591309,0.749023
1523149454599187,0.225586,-0.599121,0.771973
1523149454613728,0.22998,-0.59668,0.768555
1523149454637295,0.190918,-0.65625,0.76123
1523149454659346,0.220215,-0.633789,0.774902
1523149454680558,0.188965,-0.62793,0.764648
1523149454696943,0.21875,-0.636719,0.756836
1523149454719505,0.217285,-0.605469,0.745117
1523149454733542,0.211914,-0.623047,0.705566
1523149454757105,0.217285,-0.569336,0.716797
1523149454785929,0.216797,-0.581055,0.721191
1523149454795204,0.239746,-0.578125,0.724609
1523149454816763,0.240723,-0.626953,0.740234
1523149454839381,0.249023,-0.634277,0.769531
1523149454853920,0.215332,-0.621094,0.776855
1523149454876979,0.205566,-0.636719,0.773926
1523149454899540,0.21582,-0.621094,0.757813
1523149454913577,0.243652,-0.622559,0.744629
1523149454936643,0.253418,-0.614746,0.752441
1523149454942153,0.266113,-0.601074,0.767578
1523149454964781,0.260254,-0.613281,0.772461
1523149454981259,0.246582,-0.594727,0.770996
1523149455002467,0.239258,-0.59668,0.752441
1523149455024949,0.21875,-0.594727,0.75
1523149455041345,0.209473,-0.59082,0.745117
1523149455064936,0.208984,-0.595215,0.762207
1523149455085384,0.21875,-0.604492,0.755371
1523149455103934,0.192383,-0.622559,0.74707
1523149455122205,0.223633,-0.615723,0.741699
1523149455144513,0.207031,-0.603516,0.75
1523149455161059,0.22168,-0.617676,0.76709
1523149455182117,0.211426,-0.626953,0.776367
1523149455205216,0.210449,-0.635254,0.776855
1523149455222722,0.214844,-0.592285,0.760742
1523149455242279,0.205566,-0.564941,0.738281
1523149455265063,0.216309,-0.586426,0.726074
1523149455282882,0.221191,-0.617676,0.745117
1523149455309954,0.231934,-0.613281,0.76416
1523149455325236,0.21875,-0.621094,0.77002
1523149455344046,0.208008,-0.60791,0.748047
1523149455362598,0.214355,-0.614746,0.739746
1523149455385154,0.220703,-0.61377,0.740234
1523149455402701,0.234375,-0.601074,0.753418
1523149455422498,0.244141,-0.599121,0.769043
1523149455444812,0.248535,-0.600098,0.771484
1523149455462860,0.240723,-0.597168,0.76416
1523149455482641,0.230957,-0.593262,0.748047
1523149455505162,0.22168,-0.595703,0.741699
1523149455522520,0.216309,-0.597656,0.74707
1523149455542575,0.21582,-0.602051,0.750488
1523149455564847,0.217773,-0.61377,0.754395
1523149455590201,0.226074,-0.614258,0.77002
1523149455602231,0.234863,-0.624512,0.765137
1523149455625292,0.253418,-0.583496,0.760742
1523149455642839,0.228027,-0.62793,0.771484
1523149455662393,0.231445,-0.618652,0.77002
1523149455685169,0.23291,-0.603027,0.775391
1523149455702498,0.231934,-0.616211,0.766602
1523149455722766,0.226074,-0.612305,0.756348
1523149455744613,0.222168,-0.588867,0.741211
1523149455762658,0.213379,-0.59082,0.727539
1523149455782450,0.21875,-0.594238,0.73877
1523149455804947,0.210449,-0.615723,0.731445
1523149455827333,0.214355,-0.60791,0.736328
1523149455842371,0.239746,-0.60791,0.741211
1523149455867937,0.249512,-0.603516,0.75
1523149455887490,0.244141,-0.605469,0.762207
1523149455903534,0.251465,-0.638184,0.777344
1523149455924590,0.237793,-0.615723,0.779297
1523149455947151,0.242676,-0.621582,0.76709
1523149455962193,0.233887,-0.614746,0.751953
1523149455984806,0.240234,-0.606934,0.740234
1523149456007311,0.23584,-0.603027,0.73291
1523149456022351,0.238281,-0.601563,0.740234
1523149456044909,0.236816,-0.604004,0.740723
1523149456067469,0.23291,-0.607422,0.746582
1523149456083529,0.233398,-0.619629,0.750488
1523149456105284,0.232422,-0.604004,0.75293
1523149456127629,0.231934,-0.597656,0.757324
1523149456143673,0.23584,-0.624512,0.745605
1523149456164729,0.219727,-0.618164,0.74707
1523149456187529,0.231934,-0.615723,0.766113
1523149456203833,0.223145,-0.614746,0.771973
1523149456224890,0.228027,-0.61084,0.772949
1523149456247674,0.230957,-0.626953,0.752441
1523149456263993,0.235352,-0.597656,0.736816
1523149456284792,0.235352,-0.597656,0.739258
1523149456307762,0.242188,-0.609375,0.725098
1523149456323652,0.225098,-0.623047,0.725098
1523149456344706,0.224121,-0.624023,0.730957
1523149456367271,0.229004,-0.611328,0.743164
1523149456385314,0.234863,-0.615723,0.74707
1523149456404873,0.244141,-0.615723,0.754883
1523149456427426,0.250977,-0.616211,0.76123
1523149456451492,0.244141,-0.622559,0.768555
1523149456465027,0.243652,-0.608398,0.762207
1523149456487588,0.236816,-0.611328,0.751953
1523149456505134,0.233398,-0.61084,0.729492
1523149456524686,0.234863,-0.605957,0.730957
1523149456547463,0.239258,-0.606445,0.737305
1523149456565299,0.242188,-0.608398,0.750488
1523149456584848,0.23584,-0.616699,0.759277
1523149456607405,0.239258,-0.619141,0.754395
1523149456624953,0.240234,-0.611816,0.755859
1523149456644572,0.239258,-0.603027,0.743164
1523149456667173,0.226563,-0.620117,0.744141
1523149456685181,0.236816,-0.618164,0.760742
1523149456704974,0.230469,-0.614258,0.756348
1523149456727484,0.234375,-0.61377,0.758789
1523149456745340,0.233398,-0.619629,0.749023
1523149456765119,0.242676,-0.623535,0.755371
1523149456787451,0.245117,-0.596191,0.743164
1523149456805000,0.234375,-0.61084,0.738281
1523149456824558,0.236816,-0.590332,0.730957
1523149456847781,0.231445,-0.597168,0.727051
1523149456865160,0.231934,-0.629883,0.73877
1523149456884712,0.225586,-0.628418,0.748047
1523149456907269,0.210449,-0.619141,0.747559
1523149456925319,0.223633,-0.623535,0.741699
1523149456944873,0.238281,-0.618164,0.746582
1523149456974951,0.254395,-0.594238,0.756348
1523149456984982,0.266113,-0.591797,0.759766
1523149457006538,0.264648,-0.598633,0.757813
1523149457027237,0.262207,-0.596191,0.748047
1523149457045139,0.256836,-0.602051,0.743652
1523149457066194,0.244629,-0.615234,0.748535
1523149457087252,0.234375,-0.611328,0.744141
1523149457105301,0.227051,-0.617676,0.748047
1523149457126359,0.217773,-0.628906,0.741699
1523149457147425,0.226563,-0.626465,0.752441
1523149457164956,0.219727,-0.610352,0.748535
1523149457186012,0.234375,-0.612305,0.745605
1523149457207123,0.236816,-0.597656,0.750488
1523149457225117,0.250488,-0.603027,0.756836
1523149457246174,0.252441,-0.602539,0.753906
1523149457267547,0.237305,-0.608887,0.753418
1523149457285445,0.224609,-0.588379,0.729492
1523149457306333,0.21875,-0.589355,0.729004
1523149457327491,0.234375,-0.613281,0.729004
1523149457345436,0.23291,-0.623047,0.737793
1523149457367495,0.243164,-0.627441,0.756348
1523149457387136,0.241699,-0.61377,0.759766
1523149457405098,0.249512,-0.608887,0.748047
1523149457427655,0.246582,-0.605957,0.75293
1523149457447208,0.253906,-0.612793,0.74707
1523149457465256,0.25,-0.612793,0.740234
1523149457487451,0.253418,-0.618164,0.734375
1523149457507144,0.250488,-0.608398,0.734863
1523149457525188,0.24707,-0.608887,0.746582
1523149457547749,0.246094,-0.611816,0.743164
1523149457567300,0.245605,-0.615234,0.755371
1523149457585347,0.250977,-0.60791,0.753418
1523149457607407,0.231934,-0.630371,0.740723
1523149457627468,0.252441,-0.618164,0.743652
1523149457645006,0.234375,-0.619629,0.725586
1523149457667568,0.235352,-0.617676,0.720215
1523149457687211,0.227051,-0.611816,0.726563
1523149457705167,0.21875,-0.617676,0.751953
1523149457727727,0.237793,-0.606445,0.758301
1523149457747279,0.233398,-0.631836,0.755371
1523149457765327,0.247559,-0.59375,0.751465
1523149457787956,0.230469,-0.613281,0.759766
1523149457807013,0.233398,-0.608887,0.742188
1523149457825060,0.237793,-0.618164,0.745117
1523149457847619,0.236328,-0.622559,0.742188
1523149457867260,0.245605,-0.613281,0.737305
1523149457884216,0.241699,-0.614258,0.732422
1523149457906778,0.243164,-0.612305,0.732422
1523149457927922,0.253418,-0.60791,0.728027
1523149457944377,0.252441,-0.621094,0.737305
1523149457966974,0.251465,-0.617188,0.738281
1523149457988167,0.245605,-0.620117,0.75
1523149458004215,0.242188,-0.623047,0.74707
1523149458026773,0.237793,-0.617676,0.753906
1523149458047830,0.239746,-0.617676,0.752441
1523149458064373,0.243652,-0.625977,0.758301
1523149458087435,0.273438,-0.574707,0.749023
1523149458107992,0.240234,-0.628418,0.749512
1523149458124540,0.235352,-0.625488,0.75
1523149458147094,0.244629,-0.604004,0.743164
1523149458167765,0.237793,-0.60791,0.73877
1523149458184313,0.243164,-0.628906,0.729492
1523149458206873,0.243652,-0.610352,0.73584
1523149458228104,0.228027,-0.591309,0.726074
1523149458244150,0.231934,-0.589355,0.734863
1523149458266839,0.233887,-0.621582,0.731934
1523149458289537,0.22998,-0.63623,0.743164
1523149458304078,0.226074,-0.62793,0.765137
1523149458327140,0.238281,-0.625977,0.769531
1523149458349198,0.248535,-0.62207,0.77002
1523149458364237,0.253418,-0.615723,0.758301
1523149458394317,0.255371,-0.604004,0.749512
1523149458409357,0.249023,-0.599609,0.737793
1523149458424398,0.247559,-0.602539,0.715332
1523149458446959,0.244629,-0.615234,0.713379
1523149458469517,0.242188,-0.60791,0.721191
1523149458483556,0.248535,-0.616211,0.727539
1523149458506616,0.245117,-0.60791,0.745605
1523149458529175,0.243652,-0.608887,0.749512
1523149458543716,0.250488,-0.612793,0.754883
1523149458566778,0.245117,-0.612305,0.761719
1523149458589336,0.256348,-0.617676,0.752441
1523149458603874,0.233398,-0.635742,0.760742
1523149458626938,0.240234,-0.626465,0.759277
1523149458649497,0.230469,-0.620117,0.752441
1523149458663535,0.225098,-0.615234,0.751465
1523149458686596,0.234863,-0.615723,0.750488
1523149458709283,0.23291,-0.621582,0.737305
1523149458730364,0.237793,-0.586426,0.740723
1523149458746883,0.234863,-0.571777,0.725586
1523149458769444,0.243164,-0.591797,0.724121
1523149458790498,0.246582,-0.616699,0.735352
1523149458807043,0.247559,-0.61084,0.748535
1523149458829625,0.238281,-0.624023,0.752441
1523149458850658,0.238281,-0.62793,0.758301
1523149458866702,0.241699,-0.630859,0.758301
1523149458889422,0.250977,-0.619141,0.756836
1523149458910604,0.255859,-0.618652,0.761719
1523149458927175,0.249512,-0.60791,0.748535
1523149458949735,0.25,-0.609375,0.744141
1523149458970416,0.239258,-0.605469,0.725098
1523149458986834,0.239258,-0.60791,0.72168
1523149459009394,0.236328,-0.617676,0.722168
1523149459030685,0.237793,-0.612305,0.72998
1523149459046994,0.242676,-0.614746,0.737305
1523149459069673,0.24707,-0.612305,0.757324
1523149459090748,0.259277,-0.623535,0.76416
1523149459106686,0.250488,-0.624512,0.763672
1523149459129246,0.230469,-0.651367,0.746094
1523149459150504,0.247559,-0.631836,0.760742
1523149459166846,0.23291,-0.60791,0.751465
1523149459195663,0.225586,-0.605957,0.740234
1523149459210748,0.234375,-0.604004,0.727051
1523149459226683,0.235352,-0.601074,0.727539
1523149459249242,0.237793,-0.604492,0.729492
1523149459271804,0.23291,-0.592285,0.728516
1523149459286842,0.228516,-0.621094,0.707031
1523149459309751,0.242188,-0.609375,0.727539
1523149459332224,0.243652,-0.623535,0.745117
1523149459347074,0.248047,-0.625977,0.756836
1523149459369134,0.247559,-0.623535,0.758301
1523149459391916,0.248047,-0.630859,0.763672
1523149459405953,0.24707,-0.634766,0.760254
1523149459429698,0.243164,-0.623535,0.750977
1523149459452226,0.244629,-0.612305,0.737793
1523149459466114,0.245117,-0.616699,0.725098
1523149459489174,0.240723,-0.618164,0.719238
1523149459511735,0.246582,-0.612305,0.725098
1523149459526275,0.246094,-0.612793,0.730957
1523149459549336,0.247559,-0.611328,0.744629
1523149459571897,0.246094,-0.613281,0.743164
1523149459586484,0.249512,-0.617188,0.756348
1523149459609496,0.244141,-0.625488,0.76123
1523149459632055,0.240234,-0.620605,0.758789
1523149459646092,0.230469,-0.629395,0.757324
1523149459669349,0.254395,-0.623535,0.755859
1523149459691909,0.240723,-0.611816,0.752441
1523149459705947,0.239746,-0.614258,0.746582
1523149459729696,0.239258,-0.596191,0.740234
1523149459751757,0.243164,-0.603027,0.741211
1523149459772812,0.239746,-0.602539,0.733398
1523149459789356,0.239258,-0.619629,0.725098
1523149459811917,0.233398,-0.587402,0.728027
1523149459833128,0.228027,-0.61377,0.719238
1523149459849673,0.23584,-0.620605,0.728516
1523149459871574,0.239746,-0.611328,0.730957
1523149459893156,0.241699,-0.620117,0.75
1523149459909177,0.246094,-0.623535,0.767578
1523149459931734,0.243164,-0.633301,0.769043
1523149459952946,0.24707,-0.631836,0.766602
1523149459969337,0.244629,-0.611816,0.761719
1523149459992185,0.237793,-0.622559,0.745117
1523149460013184,0.240234,-0.619141,0.735352
1523149460029714,0.238281,-0.612793,0.740723
1523149460051772,0.234375,-0.609863,0.72998
1523149460072828,0.240723,-0.606934,0.744629
1523149460089375,0.241699,-0.608398,0.736328
1523149460111933,0.243164,-0.608887,0.746094
1523149460133143,0.245605,-0.601074,0.750977
1523149460149144,0.225586,-0.610352,0.748535
1523149460171706,0.233887,-0.616211,0.753906
1523149460194263,0.235352,-0.607422,0.74707
1523149460209303,0.233398,-0.617188,0.750977
1523149460231912,0.228516,-0.606445,0.740234
1523149460254155,0.231445,-0.605957,0.741211
1523149460275767,0.236328,-0.607422,0.743652
1523149460292255,0.239258,-0.616699,0.761719
1523149460314315,0.230957,-0.635254,0.757813
1523149460336876,0.233398,-0.592285,0.742676
1523149460351914,0.229004,-0.596191,0.740234
1523149460374476,0.240723,-0.601074,0.733887
1523149460388513,0.22998,-0.625,0.739746
1523149460411877,0.235352,-0.623047,0.737793
1523149460434199,0.233398,-0.633301,0.746094
1523149460448745,0.233398,-0.616699,0.741699
1523149460471808,0.250977,-0.606934,0.748535
1523149460494416,0.252441,-0.607422,0.74707
1523149460508748,0.253906,-0.60791,0.746582
1523149460531809,0.24707,-0.611328,0.750977
1523149460554369,0.240234,-0.623047,0.75293
1523149460568676,0.234375,-0.621094,0.742676
1523149460591738,0.234863,-0.620605,0.741211
1523149460614824,0.233398,-0.609375,0.740723
1523149460628858,0.239746,-0.606934,0.737793
1523149460651919,0.239746,-0.59668,0.736816
1523149460674480,0.237793,-0.601563,0.739258
1523149460695769,0.234863,-0.60498,0.748047
1523149460711578,0.239746,-0.626953,0.748535
1523149460734139,0.242188,-0.64502,0.761719
1523149460755695,0.23584,-0.646973,0.773438
1523149460771739,0.23291,-0.632813,0.78125
1523149460794299,0.226563,-0.60791,0.766113
1523149460815660,0.230957,-0.612305,0.748047
1523149460831768,0.239746,-0.586426,0.723145
1523149460854329,0.237305,-0.578125,0.708984
1523149460875541,0.237793,-0.595215,0.710938
1523149460891929,0.231445,-0.606934,0.709961
1523149460914489,0.228516,-0.631348,0.728027
1523149460935734,0.241699,-0.635742,0.752441
1523149460951779,0.240723,-0.614746,0.759766
1523149460974338,0.240723,-0.62207,0.75293
1523149460995553,0.251465,-0.620605,0.76709
1523149461011938,0.254883,-0.615723,0.763184
1523149461034635,0.254395,-0.610352,0.763184
1523149461055553,0.25293,-0.609863,0.750977
1523149461072098,0.247559,-0.610352,0.74707
1523149461094659,0.239258,-0.609375,0.738281
1523149461115713,0.233887,-0.614746,0.73584
1523149461131757,0.229492,-0.606445,0.732422
1523149461154316,0.230469,-0.603027,0.744629
1523149461176877,0.238281,-0.611328,0.746094
1523149461192161,0.241699,-0.617676,0.746094
1523149461214667,0.23877,-0.619141,0.745117
1523149461236633,0.237305,-0.617188,0.750977
1523149461251673,0.236816,-0.615723,0.755371
1523149461274233,0.237305,-0.615723,0.756348
1523149461296793,0.234863,-0.615234,0.754883
1523149461311332,0.241699,-0.610352,0.753906
1523149461334393,0.240723,-0.608887,0.740723
1523149461356952,0.245117,-0.597168,0.743164
1523149461378230,0.23584,-0.608398,0.73584
1523149461394276,0.239258,-0.606445,0.73584
1523149461416836,0.23877,-0.619141,0.73291
1523149461431486,0.237793,-0.617676,0.740234
1523149461454435,0.240723,-0.621094,0.73584
1523149461477153,0.242188,-0.63623,0.737793
1523149461491033,0.25,-0.629395,0.750488
1523149461514597,0.245605,-0.617676,0.74707
1523149461536655,0.250488,-0.620605,0.747559
1523149461551193,0.24707,-0.618652,0.736328
1523149461574256,0.255371,-0.626465,0.739746
1523149461596815,0.250488,-0.639648,0.73877
1523149461618027,0.239258,-0.638184,0.728516
1523149461634129,0.223633,-0.630371,0.728027
1523149461656688,0.216309,-0.61377,0.736328
1523149461677904,0.227539,-0.620605,0.730469
1523149461694290,0.252441,-0.587891,0.734375
1523149461716719,0.259766,-0.62207,0.725098
1523149461737776,0.265625,-0.628418,0.73291
1523149461754320,0.264648,-0.619141,0.74707
1523149461776880,0.250977,-0.637695,0.757813
1523149461798212,0.240723,-0.660645,0.757324
1523149461814259,0.234863,-0.654785,0.740234
1523149461836817,0.224609,-0.615723,0.718262
1523149461858076,0.231445,-0.636719,0.714355
1523149461874124,0.229492,-0.625488,0.70459
1523149461896682,0.233887,-0.625977,0.727051
1523149461918076,0.246094,-0.634766,0.734863
1523149461934461,0.259277,-0.631836,0.735352
1523149461957161,0.261719,-0.623047,0.735352
1523149461978225,0.268066,-0.625488,0.737793
1523149461994271,0.27002,-0.615723,0.739746
1523149462017008,0.266602,-0.611328,0.737305
1523149462037758,0.262695,-0.619141,0.738281
1523149462053804,0.248047,-0.622559,0.734375
1523149462077169,0.248535,-0.614258,0.742188
1523149462099125,0.23877,-0.619629,0.737793
1523149462114162,0.239258,-0.615234,0.745605
1523149462136723,0.242188,-0.624023,0.75293
1523149462159283,0.246582,-0.628418,0.762207
1523149462174324,0.220703,-0.631348,0.751953
1523149462197082,0.229492,-0.625977,0.753906
1523149462219443,0.216309,-0.625488,0.729004
1523149462233480,0.240234,-0.614258,0.726074
1523149462256828,0.258301,-0.608887,0.741211
1523149462279889,0.26709,-0.60791,0.755859
1523149462293424,0.245117,-0.606934,0.743652
1523149462316771,0.233887,-0.591797,0.737793
1523149462339332,0.233887,-0.591797,0.734375
1523149462353869,0.226563,-0.620117,0.722168
1523149462377142,0.229492,-0.629395,0.729004
1523149462399491,0.23877,-0.653809,0.736328
1523149462414030,0.233887,-0.624512,0.753906
1523149462437091,0.24707,-0.61084,0.746094
1523149462459150,0.259766,-0.626953,0.728516
1523149462473696,0.276367,-0.610352,0.733398
1523149462496757,0.284668,-0.611816,0.743652
1523149462526830,0.276855,-0.628418,0.745117
1523149462533851,0.254395,-0.627441,0.742188
1523149462557033,0.23877,-0.634766,0.749023
1523149462579596,0.229492,-0.628418,0.75293
1523149462600207,0.238281,-0.63623,0.743164
1523149462616696,0.259277,-0.614258,0.774414
1523149462639253,0.251953,-0.631836,0.75293
1523149462660372,0.224609,-0.605957,0.748047
1523149462676855,0.236816,-0.610352,0.732422
1523149462699412,0.233887,-0.623047,0.729004
1523149462720469,0.239258,-0.60791,0.723633
1523149462743028,0.234863,-0.612793,0.710449
1523149462759573,0.24707,-0.618164,0.720215
1523149462780267,0.246094,-0.612305,0.73291
1523149462796733,0.234863,-0.628418,0.736328
1523149462819393,0.243652,-0.620605,0.744629
1523149462840512,0.259766,-0.632813,0.750977
1523149462856993,0.26709,-0.620117,0.754395
1523149462879553,0.262695,-0.617188,0.754395
1523149462900610,0.258301,-0.616699,0.742676
1523149462916653,0.248535,-0.611816,0.729004
1523149462939212,0.248535,-0.613281,0.712891
1523149462960268,0.253906,-0.637695,0.699707
1523149462976812,0.251953,-0.635742,0.716309
1523149462999444,0.257813,-0.630371,0.734863
1523149463020594,0.249023,-0.624512,0.741211
1523149463036637,0.251953,-0.622559,0.744141
1523149463059197,0.25293,-0.620605,0.735352
1523149463081757,0.26123,-0.621582,0.73291
1523149463096797,0.258301,-0.619629,0.759277
1523149463119392,0.254883,-0.600098,0.776855
1523149463141954,0.241211,-0.625488,0.743652
1523149463156992,0.239746,-0.625488,0.727051
1523149463179639,0.263672,-0.629883,0.717773
1523149463202138,0.263672,-0.654297,0.71875
1523149463216149,0.254395,-0.646484,0.731445
1523149463239711,0.239746,-0.652344,0.733887
1523149463261771,0.234863,-0.611816,0.736328
1523149463276548,0.250977,-0.625,0.731934
1523149463299371,0.254395,-0.616699,0.742676
1523149463321931,0.274414,-0.625488,0.738281
1523149463335968,0.268555,-0.644043,0.728516
1523149463359530,0.257324,-0.619629,0.746094
1523149463388300,0.253418,-0.61377,0.735352
1523149463396324,0.250488,-0.626953,0.71582
1523149463419386,0.252441,-0.621582,0.710938
1523149463442186,0.255371,-0.626953,0.708496
1523149463455984,0.250977,-0.624023,0.719238
1523149463479666,0.25,-0.640625,0.731445
1523149463501605,0.241211,-0.631836,0.740723
1523149463523274,0.249023,-0.622559,0.737793
1523149463539730,0.260742,-0.624023,0.728516
1523149463561764,0.269043,-0.623535,0.732422
1523149463583029,0.269531,-0.612305,0.734375
1523149463599128,0.260254,-0.601563,0.733398
1523149463622246,0.238281,-0.616699,0.731445
1523149463642978,0.256348,-0.646484,0.730957
1523149463666806,0.272949,-0.638672,0.771484
1523149463682217,0.260254,-0.650879,0.762695
1523149463702668,0.234375,-0.640625,0.755371
1523149463719213,0.237793,-0.615234,0.758789
1523149463741773,0.23584,-0.602539,0.737305
1523149463763114,0.245605,-0.600586,0.718262
1523149463779445,0.249023,-0.60791,0.707031
1523149463802005,0.248535,-0.619141,0.711426
1523149463823267,0.240723,-0.587402,0.708008
1523149463839605,0.23291,-0.618652,0.717285
1523149463861662,0.249512,-0.618652,0.729492
1523149463883242,0.245605,-0.619629,0.727051
1523149463899263,0.251465,-0.634766,0.73584
1523149463921824,0.248047,-0.635254,0.736328
1523149463944383,0.24707,-0.634277,0.754395
1523149463959424,0.244141,-0.625,0.755371
1523149463981984,0.241699,-0.628418,0.758301
1523149463987216,0.253906,-0.631836,0.749512
1523149464009754,0.255859,-0.625488,0.744629
1523149464024792,0.255371,-0.621582,0.741699
1523149464047353,0.25,-0.609863,0.737793
1523149464069764,0.238281,-0.611328,0.734375
1523149464084742,0.240723,-0.614746,0.732422
1523149464107293,0.263672,-0.601074,0.726074
1523149464129660,0.257813,-0.617188,0.722656
1523149464144699,0.247559,-0.630371,0.743652
1523149464167214,0.246094,-0.631836,0.757324
1523149464191070,0.231934,-0.638672,0.758301
1523149464204747,0.233398,-0.622559,0.751465
1523149464227358,0.233398,-0.621094,0.741211
1523149464249855,0.244629,-0.634766,0.723145
1523149464264893,0.242676,-0.591309,0.73877
1523149464287450,0.241211,-0.600098,0.717773
1523149464310000,0.237305,-0.593262,0.719727
1523149464325025,0.25293,-0.615723,0.710449
1523149464347287,0.257813,-0.63623,0.719238
1523149464369714,0.253418,-0.636719,0.741211
1523149464384780,0.245117,-0.645996,0.749512
1523149464407312,0.241211,-0.642578,0.758301
1523149464429891,0.239258,-0.62793,0.759277
1523149464444643,0.251953,-0.625,0.746094
1523149464468474,0.255371,-0.625,0.73584
1523149464498245,0.256836,-0.624023,0.735352
1523149464506074,0.251465,-0.61084,0.735352
1523149464527364,0.252441,-0.614258,0.726074
1523149464549929,0.249512,-0.609863,0.71582
1523149464566236,0.256836,-0.62207,0.711914
1523149464587524,0.254395,-0.635254,0.723633
1523149464610062,0.258789,-0.64209,0.742188
1523149464626597,0.251465,-0.639648,0.749512
1523149464647568,0.241211,-0.65918,0.759766
1523149464669737,0.256348,-0.643555,0.765625
1523149464686068,0.244141,-0.629883,0.759766
1523149464707124,0.243164,-0.630371,0.742188
1523149464729880,0.23877,-0.619141,0.708008
1523149464746228,0.234863,-0.598145,0.711914
1523149464775000,0.236328,-0.584473,0.694336
1523149464790046,0.242676,-0.615723,0.691895
1523149464806536,0.253418,-0.632813,0.697754
1523149464827557,0.249023,-0.628906,0.721191
1523149464849700,0.253418,-0.633789,0.741211
1523149464866046,0.242676,-0.637695,0.751953
1523149464887228,0.251953,-0.633789,0.759766
1523149464909897,0.254883,-0.618652,0.753906
1523149464927946,0.256348,-0.621094,0.757324
1523149464947503,0.244141,-0.630371,0.739258
1523149464970057,0.236328,-0.623535,0.750977
1523149464987992,0.233887,-0.641602,0.736328
1523149465007422,0.231445,-0.648926,0.717285
1523149465029982,0.243164,-0.625977,0.699707
1523149465054047,0.253906,-0.625488,0.701172
1523149465067278,0.244629,-0.621094,0.722656
1523149465089643,0.250977,-0.633789,0.732422
1523149465107692,0.256348,-0.627441,0.743164
1523149465127279,0.264648,-0.625,0.753418
1523149465149802,0.271484,-0.635254,0.760742
1523149465167850,0.280762,-0.575684,0.774902
1523149465187426,0.248535,-0.626465,0.762695
1523149465209514,0.226563,-0.625,0.768555
1523149465227509,0.23291,-0.64209,0.753906
1523149465247097,0.227051,-0.616699,0.73291
1523149465269762,0.222656,-0.604004,0.70166
1523149465287669,0.236816,-0.615234,0.694336
1523149465307221,0.239746,-0.599609,0.703613
1523149465331286,0.248047,-0.61377,0.719727
1523149465347828,0.245605,-0.609863,0.719727
1523149465367381,0.238281,-0.61377,0.733887
1523149465389942,0.252441,-0.646484,0.753418
1523149465407490,0.254883,-0.645996,0.763184
1523149465427280,0.243652,-0.623047,0.757324
1523149465449839,0.239258,-0.618652,0.738281
1523149465467647,0.243652,-0.614258,0.716309
1523149465488704,0.256348,-0.622559,0.699219
1523149465509956,0.263672,-0.620117,0.708496
1523149465527932,0.257324,-0.631348,0.72998
1523149465548863,0.252441,-0.626953,0.719238
1523149465569984,0.242676,-0.63916,0.719238
1523149465587467,0.248535,-0.647949,0.727539
1523149465608523,0.249023,-0.635742,0.723633
1523149465629703,0.230957,-0.65332,0.741699
1523149465647627,0.240234,-0.635742,0.764648
1523149465668686,0.236816,-0.635742,0.760742
1523149465689864,0.240723,-0.639648,0.756836
1523149465713803,0.235352,-0.637695,0.730469
1523149465728842,0.241699,-0.63623,0.700195
1523149465749962,0.247559,-0.634277,0.705078
1523149465767446,0.246094,-0.658203,0.702637
1523149465788550,0.228516,-0.661621,0.717773
1523149465809730,0.242676,-0.632813,0.739258
1523149465827653,0.250488,-0.632813,0.736816
1523149465854854,0.268555,-0.627441,0.740723
1523149465869895,0.264648,-0.629395,0.743652
1523149465888412,0.250977,-0.630859,0.741699
1523149465910412,0.243652,-0.626465,0.728516
1523149465929963,0.240234,-0.629883,0.713867
1523149465947472,0.244629,-0.641113,0.70459
1523149465970032,0.244141,-0.650879,0.706543
1523149465989639,0.236328,-0.630859,0.703125
1523149466007637,0.240723,-0.627441,0.717773
1523149466030196,0.240723,-0.629883,0.717773
1523149466049743,0.246582,-0.632324,0.724121
1523149466067792,0.255371,-0.628906,0.736816
1523149466090351,0.256348,-0.632324,0.753418
1523149466109907,0.227051,-0.675293,0.760742
1523149466127451,0.274902,-0.638184,0.778809
1523149466150010,0.236816,-0.640137,0.749512
1523149466170082,0.242188,-0.625977,0.73584
1523149466187610,0.245117,-0.640625,0.720215
1523149466210170,0.242188,-0.622559,0.710938
1523149466229960,0.234375,-0.614746,0.703613
1523149466247769,0.230469,-0.615723,0.701172
1523149466270520,0.230957,-0.615723,0.710449
1523149466289881,0.244629,-0.635254,0.715332
1523149466307429,0.249512,-0.631348,0.72998
1523149466330509,0.257813,-0.64209,0.746094
1523149466349541,0.252441,-0.628418,0.760254
1523149466367590,0.249023,-0.640137,0.761719
1523149466390149,0.254883,-0.640625,0.739258
1523149466412709,0.255371,-0.625,0.725098
1523149466427749,0.250488,-0.637695,0.709961
1523149466450309,0.25293,-0.637695,0.702148
1523149466471571,0.248535,-0.631348,0.713867
1523149466488027,0.243164,-0.625977,0.724609
1523149466510490,0.242188,-0.629883,0.727539
1523149466531304,0.253418,-0.630859,0.730469
1523149466547849,0.256348,-0.626953,0.73291
1523149466570470,0.264648,-0.625488,0.740234
1523149466590962,0.251465,-0.625488,0.749023
1523149466607507,0.260742,-0.621582,0.754395
1523149466630067,0.261719,-0.633789,0.725586
1523149466651124,0.243164,-0.634277,0.71875
1523149466667668,0.25293,-0.637695,0.735352
1523149466690227,0.22998,-0.631348,0.738281
1523149466718804,0.231445,-0.651855,0.743164
1523149466727827,0.233398,-0.657715,0.708984
1523149466749886,0.23877,-0.617188,0.71582
1523149466771531,0.241211,-0.635254,0.701172
1523149466787533,0.251465,-0.638672,0.707031
1523149466810093,0.25,-0.631348,0.723633
1523149466832654,0.248047,-0.637695,0.733398
1523149466847694,0.25,-0.634766,0.73877
1523149466870454,0.253418,-0.640625,0.727051
1523149466892311,0.260742,-0.642578,0.71875
1523149466907882,0.255371,-0.65332,0.711914
1523149466930508,0.257324,-0.630859,0.711426
1523149466951972,0.248047,-0.633789,0.72168
1523149466973169,0.239746,-0.631348,0.731445
1523149466995693,0.250488,-0.62793,0.719238
1523149467012152,0.249023,-0.626953,0.71875
1523149467032685,0.248535,-0.634277,0.733887
1523149467049229,0.24707,-0.621094,0.730469
1523149467071790,0.253906,-0.627441,0.734375
1523149467092845,0.24707,-0.640625,0.73877
1523149467109389,0.269531,-0.621582,0.717773
1523149467131950,0.253418,-0.662109,0.729492
1523149467145987,0.24707,-0.650879,0.733398
1523149467169548,0.243164,-0.633301,0.741211
1523149467191608,0.237793,-0.656738,0.73291
1523149467213185,0.243164,-0.619141,0.707031
1523149467229208,0.243652,-0.632324,0.709473
1523149467252270,0.246582,-0.60791,0.716797
1523149467273058,0.246094,-0.621582,0.708008
1523149467289368,0.233887,-0.635254,0.717773
1523149467311928,0.243652,-0.633789,0.727539
1523149467332983,0.24707,-0.644531,0.719238
1523149467349528,0.258789,-0.64502,0.734863
1523149467372232,0.263672,-0.644043,0.740234
1523149467393143,0.265625,-0.651367,0.728516
1523149467409186,0.263184,-0.645996,0.730469
1523149467431748,0.257813,-0.633789,0.724609
1523149467453039,0.251953,-0.62207,0.711426
1523149467469347,0.257813,-0.620117,0.708496
1523149467491918,0.251465,-0.625977,0.708496
1523149467513176,0.254883,-0.623047,0.716797
1523149467529506,0.242676,-0.625488,0.721191
1523149467552159,0.241211,-0.639648,0.746094
1523149467572800,0.235352,-0.654785,0.755859
1523149467589346,0.26123,-0.672363,0.755859
1523149467611905,0.247559,-0.65918,0.748047
1523149467632960,0.251953,-0.650879,0.750977
1523149467649505,0.241699,-0.655762,0.730957
1523149467672171,0.245605,-0.605957,0.719727
1523149467693161,0.24707,-0.607422,0.694824
1523149467709163,0.248047,-0.626953,0.705566
1523149467731734,0.243652,-0.626465,0.703125
1523149467754285,0.236328,-0.634277,0.710449
1523149467769323,0.240234,-0.629395,0.725098
1523149467791884,0.248535,-0.647949,0.716797
1523149467814444,0.248535,-0.637207,0.726563
1523149467829985,0.271973,-0.628906,0.729492
1523149467852042,0.280762,-0.654785,0.720215
1523149467874103,0.273438,-0.643555,0.735352
1523149467889643,0.266113,-0.65332,0.730957
1523149467911702,0.249512,-0.634766,0.726563
1523149467934263,0.248535,-0.633301,0.71875
1523149467948801,0.25,-0.644531,0.708008
1523149467971863,0.249512,-0.629395,0.711426
1523149468002099,0.249023,-0.633789,0.729004
1523149468015477,0.252441,-0.632324,0.717285
1523149468032022,0.260254,-0.631348,0.71875
1523149468054081,0.272461,-0.641113,0.72168
1523149468076640,0.270996,-0.647949,0.737305
1523149468092182,0.288574,-0.602051,0.755371
1523149468114241,0.254883,-0.646973,0.749512
1523149468128779,0.245605,-0.637695,0.748047
1523149468151843,0.256348,-0.634277,0.749023
1523149468174419,0.243164,-0.635742,0.729492
1523149468188962,0.237793,-0.619629,0.719238
1523149468212157,0.228516,-0.621094,0.710938
1523149468234630,0.228516,-0.62207,0.703613
1523149468255616,0.233398,-0.60498,0.704102
1523149468271660,0.244141,-0.628418,0.693359
1523149468294220,0.262695,-0.635742,0.709473
1523149468315277,0.268066,-0.661133,0.728516
1523149468331820,0.265137,-0.641602,0.745605
1523149468354883,0.261719,-0.637207,0.753906
1523149468375594,0.252441,-0.641113,0.741211
1523149468391980,0.25293,-0.634766,0.73584
1523149468414539,0.244629,-0.630859,0.722656
1523149468435607,0.243652,-0.634277,0.720215
1523149468452174,0.243164,-0.628906,0.717285
1523149468474199,0.251465,-0.633301,0.717773
1523149468495411,0.256348,-0.628906,0.71582
1523149468511801,0.265137,-0.62793,0.708008
1523149468534360,0.262207,-0.631836,0.708008
1523149468555571,0.260742,-0.629395,0.713379
1523149468571959,0.254395,-0.635254,0.735352
1523149468594565,0.260742,-0.640137,0.749023
1523149468615248,0.281738,-0.593262,0.756836
1523149468631792,0.257324,-0.64502,0.744141
1523149468661871,0.253418,-0.637207,0.741699
1523149468675564,0.256348,-0.620605,0.746582
1523149468691952,0.251953,-0.630859,0.73584
1523149468714185,0.252441,-0.634766,0.725098
1523149468736749,0.241699,-0.637207,0.71582
1523149468751838,0.248047,-0.608398,0.708008
1523149468774398,0.251465,-0.619141,0.699707
1523149468796958,0.259277,-0.637207,0.725098
1523149468811998,0.260254,-0.616211,0.729492
1523149468834620,0.259766,-0.618164,0.723633
1523149468857138,0.256348,-0.626953,0.729004
1523149468871156,0.264648,-0.619629,0.731934
1523149468894216,0.266602,-0.620117,0.733887
1523149468916778,0.260254,-0.635742,0.734375
1523149468931316,0.256348,-0.628906,0.73877
1523149468954377,0.247559,-0.621582,0.718262
1523149468976938,0.264648,-0.612305,0.712402
1523149468997992,0.271973,-0.622559,0.709473
1523149469014285,0.26416,-0.633301,0.716309
1523149469037056,0.265137,-0.64502,0.726563
1523149469051424,0.258789,-0.641602,0.74707
1523149469074223,0.249512,-0.630859,0.751953
1523149469096784,0.249023,-0.62793,0.744141
1523149469111322,0.256836,-0.626465,0.746582
1523149469134384,0.261719,-0.635254,0.744141
1523149469156944,0.259277,-0.624512,0.730469
1523149469178197,0.277832,-0.620117,0.745117
1523149469194544,0.261719,-0.614746,0.726563
1523149469217105,0.257324,-0.612793,0.723633
1523149469238189,0.25293,-0.616211,0.724121
1523149469254408,0.251465,-0.64502,0.727539
1523149469277129,0.246094,-0.662598,0.736816
1523149469298070,0.235352,-0.610352,0.737305
1523149469314618,0.241211,-0.615234,0.734863
1523149469336676,0.264648,-0.627441,0.734375
1523149469357890,0.28125,-0.626953,0.741211
1523149469374277,0.290527,-0.615723,0.750977
1523149469396837,0.291016,-0.619141,0.757813
1523149469417893,0.284668,-0.616699,0.757324
1523149469434437,0.276367,-0.606445,0.748047
1523149469456997,0.279297,-0.617188,0.728516
1523149469478220,0.278809,-0.607422,0.731934
1523149469494766,0.276367,-0.607422,0.738281
1523149469516827,0.275879,-0.609863,0.746582
1523149469537980,0.276367,-0.602539,0.743164
1523149469554488,0.285645,-0.597168,0.738281
1523149469577174,0.280762,-0.593262,0.743164
1523149469597603,0.272461,-0.587891,0.754883
1523149469614148,0.252441,-0.584961,0.770996
1523149469636707,0.271484,-0.590332,0.777344
1523149469659268,0.299805,-0.568848,0.745117
1523149469674307,0.280762,-0.612793,0.757813
1523149469696868,0.294922,-0.609863,0.747559
1523149469719428,0.274414,-0.586426,0.73291
1523149469741987,0.273926,-0.585938,0.731934
1523149469757172,0.256348,-0.588867,0.736328
1523149469779086,0.24707,-0.594238,0.718262
1523149469793626,0.266113,-0.541992,0.704102
1523149469816686,0.276367,-0.560547,0.699707
1523149469839246,0.288086,-0.586426,0.715332
1523149469853995,0.291504,-0.560059,0.739258
1523149469876928,0.291016,-0.548828,0.753418
1523149469899406,0.287598,-0.549316,0.77002
1523149469913442,0.291504,-0.570801,0.759766
1523149469936504,0.300781,-0.573242,0.770996
1523149469959064,0.294922,-0.590332,0.757324
1523149469973604,0.29248,-0.589355,0.753906
1523149469996664,0.291016,-0.583496,0.751953
1523149470019726,0.282227,-0.57666,0.75
1523149470033764,0.28125,-0.582031,0.744629
1523149470056824,0.287598,-0.575195,0.748047
1523149470079059,0.295898,-0.580566,0.748535
1523149470093596,0.299805,-0.57373,0.753906
1523149470117173,0.293945,-0.576172,0.755859
1523149470139218,0.29541,-0.56543,0.744629
1523149470160275,0.307129,-0.573242,0.740723
1523149470176818,0.305664,-0.578125,0.755371
1523149470199649,0.313965,-0.580078,0.749023
1523149470220203,0.290039,-0.60791,0.763672
1523149470237258,0.302246,-0.595215,0.774414
1523149470259308,0.288574,-0.600586,0.780273
1523149470280363,0.275391,-0.57959,0.745117
1523149470296908,0.272949,-0.550781,0.726074
1523149470325482,0.268555,-0.521484,0.71582
1523149470340264,0.284668,-0.551758,0.719727
1523149470356565,0.288574,-0.583496,0.735352
1523149470379700,0.289551,-0.580566,0.76416
1523149470400424,0.303711,-0.593262,0.770508
1523149470416726,0.299805,-0.580078,0.772461
1523149470439341,0.296387,-0.571777,0.775391
1523149470460396,0.29541,-0.568848,0.774902
1523149470476940,0.287598,-0.564941,0.754395
1523149470499500,0.287598,-0.566406,0.740234
1523149470520571,0.289063,-0.573242,0.730469
1523149470537099,0.287598,-0.575195,0.742188
1523149470559158,0.28418,-0.55957,0.746094
1523149470581718,0.288086,-0.561523,0.758789
1523149470602775,0.293945,-0.556152,0.742676
1523149470619318,0.301758,-0.558105,0.746582
1523149470641929,0.299805,-0.569336,0.747559
1523149470656919,0.29834,-0.590332,0.759277
1523149470680984,0.296875,-0.59375,0.765625
1523149470702040,0.279297,-0.588379,0.77832
1523149470716076,0.283203,-0.588379,0.782715
1523149470739639,0.280762,-0.585449,0.771484
1523149470761698,0.282715,-0.606445,0.765137
1523149470776236,0.28125,-0.602051,0.75
1523149470799298,0.27832,-0.54541,0.733398
1523149470821858,0.265137,-0.54834,0.723633
1523149470836398,0.280762,-0.572266,0.714844
1523149470859459,0.298828,-0.572754,0.725098
1523149470882018,0.300781,-0.594727,0.73584
1523149470896055,0.302734,-0.604004,0.76123
1523149470919116,0.292969,-0.611816,0.783203
1523149470941676,0.279297,-0.603516,0.786133
1523149470956216,0.285156,-0.587891,0.777344
1523149470979276,0.29248,-0.579102,0.767578
1523149471001838,0.298828,-0.579102,0.758301
1523149471015873,0.293945,-0.56543,0.753418
1523149471039438,0.279785,-0.580078,0.740234
1523149471061997,0.277832,-0.575195,0.731934
1523149471083554,0.27832,-0.587402,0.71875
1523149471099094,0.290039,-0.585449,0.721191
1523149471121656,0.29834,-0.584473,0.741211
1523149471143213,0.307617,-0.584473,0.757324
1523149471159257,0.297363,-0.57959,0.76709
1523149471181816,0.303711,-0.57959,0.758789
1523149471202872,0.274414,-0.608887,0.76709
1523149471219416,0.279297,-0.633301,0.760742
1523149471241977,0.280273,-0.592285,0.760254
1523149471263032,0.258789,-0.558594,0.736328
1523149471279075,0.261719,-0.588379,0.722168
1523149471301640,0.276367,-0.566406,0.720703
1523149471323555,0.279785,-0.57666,0.708984
1523149471339236,0.296387,-0.578613,0.722656
1523149471361795,0.296875,-0.59668,0.735352
1523149471382850,0.293457,-0.59375,0.756348
1523149471399396,0.288086,-0.60498,0.771484
1523149471421963,0.287109,-0.594727,0.772949
1523149471443010,0.294922,-0.595703,0.765625
1523149471459057,0.296875,-0.594727,0.761719
1523149471482220,0.297363,-0.58252,0.751465
1523149471503446,0.295898,-0.583984,0.745605
1523149471519214,0.283691,-0.585938,0.73877
1523149471541775,0.288086,-0.586426,0.728027
1523149471564333,0.291016,-0.593262,0.727051
1523149471579376,0.291992,-0.589844,0.73877
1523149471601934,0.294434,-0.604492,0.753418
1523149471624494,0.30127,-0.599121,0.767578
1523149471639535,0.296875,-0.590332,0.765137
1523149471661591,0.276855,-0.588867,0.759766
1523149471684154,0.294922,-0.581055,0.763672
1523149471698634,0.279297,-0.592773,0.763184
1523149471721930,0.269043,-0.586426,0.758789
1523149471744491,0.250488,-0.585938,0.739258
1523149471758421,0.239746,-0.546387,0.704102
1523149471781987,0.257813,-0.57373,0.70752
1523149471804047,0.279785,-0.595703,0.713379
1523149471818557,0.296875,-0.594238,0.73584
1523149471841617,0.307617,-0.59082,0.75
1523149471864872,0.291992,-0.603027,0.777344
1523149471878717,0.277344,-0.60498,0.79248
1523149471901779,0.287598,-0.606445,0.792969
1523149471924338,0.282227,-0.594727,0.776367
1523149471938876,0.298828,-0.594727,0.754395
1523149471961937,0.288086,-0.584961,0.737793
1523149471984498,0.27832,-0.586426,0.717773
1523149471998535,0.283203,-0.590332,0.707031
1523149472022099,0.288574,-0.586426,0.708984
1523149472044105,0.290039,-0.589844,0.715332
1523149472065197,0.297363,-0.586914,0.726074
1523149472081886,0.290039,-0.582031,0.750488
1523149472104449,0.286133,-0.588379,0.766113
1523149472125501,0.291504,-0.591309,0.776855
1523149472142047,0.289063,-0.585938,0.776367
1523149472164105,0.279297,-0.611816,0.767578
1523149472185715,0.296387,-0.606445,0.779785
1523149472201757,0.27002,-0.585449,0.759277
1523149472224317,0.266602,-0.606934,0.751465
1523149472245353,0.273926,-0.605957,0.731445
1523149472261895,0.275879,-0.614258,0.727051
1523149472291907,0.265625,-0.544922,0.715332
1523149472305801,0.26709,-0.562012,0.725586
1523149472321989,0.274414,-0.581543,0.739746
1523149472344045,0.28125,-0.57959,0.756836
1523149472365995,0.278809,-0.580566,0.763672
1523149472381644,0.289551,-0.598145,0.76123
1523149472404208,0.288574,-0.597656,0.769531
1523149472425884,0.287598,-0.594238,0.777832
1523149472441805,0.280762,-0.592285,0.768555
1523149472464365,0.284668,-0.599609,0.741211
1523149472486752,0.284668,-0.592773,0.731934
1523149472501800,0.287109,-0.584473,0.72168
1523149472524351,0.289063,-0.59082,0.726074
1523149472546909,0.286133,-0.600586,0.739746
1523149472561951,0.282715,-0.591309,0.763672
1523149472584510,0.291016,-0.615234,0.78125
1523149472606569,0.314453,-0.590332,0.753906
1523149472621108,0.323242,-0.588379,0.73291
1523149472644170,0.291016,-0.588379,0.762207
1523149472666730,0.280273,-0.546875,0.805176
1523149472681334,0.262695,-0.533691,0.76416
1523149472704331,0.282227,-0.564941,0.729492
1523149472726815,0.277832,-0.59668,0.695801
1523149472741352,0.261719,-0.606445,0.703613
1523149472764685,0.245605,-0.618652,0.701172
1523149472786984,0.230957,-0.60791,0.713379
1523149472801014,0.226074,-0.605957,0.718262
1523149472824575,0.251953,-0.616699,0.737305
1523149472846632,0.289063,-0.617676,0.75293
1523149472861170,0.307129,-0.609863,0.762695
1523149472884234,0.303711,-0.620605,0.769043
1523149472907295,0.27002,-0.622559,0.77832
1523149472921332,0.246582,-0.620605,0.785156
1523149472944393,0.249512,-0.619629,0.781738
1523149472966955,0.249512,-0.609863,0.775391
1523149472988399,0.251465,-0.59375,0.758301
1523149473004554,0.265137,-0.58252,0.73291
1523149473026612,0.270996,-0.608398,0.70752
1523149473048400,0.263184,-0.609375,0.699219
1523149473064873,0.253906,-0.625,0.701172
1523149473070078,0.268555,-0.61084,0.719238
1523149473099807,0.28125,-0.604004,0.742188
1523149473115219,0.268555,-0.597656,0.753906
1523149473129886,0.250488,-0.575684,0.773438
1523149473152535,0.243164,-0.599609,0.777344
1523149473175006,0.281738,-0.623047,0.774414
1523149473189908,0.270508,-0.666504,0.744629
1523149473212105,0.280273,-0.649902,0.746582
1523149473234904,0.235352,-0.600586,0.742676
1523149473249705,0.243164,-0.615723,0.717285
1523149473272407,0.258301,-0.562988,0.695313
1523149473294569,0.257324,-0.560547,0.693848
1523149473309968,0.289551,-0.575195,0.696777
1523149473332171,0.280762,-0.606445,0.70752
1523149473355230,0.273438,-0.611328,0.73584
1523149473370131,0.272461,-0.634277,0.761719
1523149473392327,0.262207,-0.629883,0.776367
1523149473414888,0.254883,-0.61084,0.774902
1523149473430930,0.264648,-0.611328,0.765625
1523149473452861,0.276367,-0.608887,0.752441
1523149473474936,0.284668,-0.598145,0.745605
1523149473489961,0.281738,-0.606445,0.727539
1523149473512147,0.280273,-0.613281,0.71582
1523149473535209,0.273926,-0.629883,0.708008
1523149473549747,0.266602,-0.621094,0.708496
1523149473572561,0.256836,-0.621582,0.724609
1523149473594868,0.253906,-0.626465,0.726074
1523149473610408,0.268066,-0.616699,0.738281
1523149473632219,0.28418,-0.617188,0.740723
1523149473657535,0.294434,-0.621582,0.748535
1523149473669566,0.305176,-0.620117,0.743652
1523149473692384,0.307617,-0.601074,0.729004
1523149473714704,0.288086,-0.651367,0.740723
1523149473729726,0.265625,-0.638184,0.734375
1523149473752286,0.245605,-0.625488,0.73584
1523149473774845,0.237305,-0.595703,0.717773
1523149473790182,0.237305,-0.59668,0.675781
1523149473812686,0.250488,-0.601563,0.686035
1523149473834504,0.258301,-0.611816,0.689453
1523149473849900,0.26123,-0.641113,0.708008
1523149473872341,0.277344,-0.638672,0.733887
1523149473894671,0.271973,-0.643066,0.78125
1523149473910206,0.282715,-0.640137,0.803711
1523149473935274,0.294434,-0.639648,0.790527
1523149473954824,0.289063,-0.636719,0.76709
1523149473970011,0.287109,-0.623047,0.73584
1523149473992576,0.282227,-0.631836,0.708008
1523149474014984,0.270996,-0.620117,0.691406
1523149474031027,0.259766,-0.611816,0.687012
1523149474052584,0.260254,-0.604492,0.6875
1523149474074783,0.258301,-0.605469,0.697754
1523149474091189,0.265625,-0.611816,0.717773
1523149474112244,0.241211,-0.662598,0.75
1523149474135059,0.284668,-0.646973,0.797363
1523149474151348,0.26416,-0.648438,0.790527
1523149474172404,0.266602,-0.62207,0.781738
1523149474203094,0.263672,-0.595215,0.745605
1523149474211007,0.259766,-0.592773,0.70459
1523149474232068,0.26123,-0.562988,0.704102
1523149474255147,0.257324,-0.58252,0.680176
1523149474271171,0.253906,-0.578125,0.683594
1523149474292225,0.244629,-0.612305,0.686035
1523149474314784,0.249023,-0.626953,0.717773
1523149474331327,0.245117,-0.637695,0.736816
1523149474352382,0.255371,-0.652832,0.743652
1523149474374712,0.255371,-0.635254,0.753906
1523149474392991,0.267578,-0.630859,0.750977
1523149474412047,0.27002,-0.634766,0.749512
1523149474435102,0.275879,-0.62207,0.746094
1523149474452650,0.27832,-0.623535,0.745117
1523149474472747,0.275391,-0.627441,0.743652
1523149474494768,0.266113,-0.622559,0.736816
1523149474512810,0.260742,-0.621094,0.723145
1523149474532362,0.265137,-0.619629,0.716797
1523149474554921,0.266113,-0.617188,0.725098
1523149474572468,0.270508,-0.630859,0.739746
1523149474592543,0.245117,-0.665527,0.739746
1523149474614581,0.287598,-0.628906,0.771484
1523149474632633,0.258789,-0.622559,0.748535
1523149474652180,0.271973,-0.604004,0.737305
1523149474674974,0.263672,-0.590332,0.710449
1523149474692789,0.269531,-0.601074,0.707031
1523149474712351,0.265137,-0.59082,0.710938
1523149474735064,0.258789,-0.607422,0.722168
1523149474752976,0.252441,-0.592773,0.731445
1523149474771999,0.23584,-0.613281,0.740234
1523149474794562,0.22998,-0.626465,0.733398
1523149474812613,0.245605,-0.623535,0.736328
1523149474832164,0.255371,-0.661621,0.736328
1523149474854746,0.283203,-0.63916,0.750977
1523149474873003,0.277832,-0.62793,0.743652
1523149474893824,0.26709,-0.612793,0.738281
1523149474914620,0.272461,-0.608887,0.731445
1523149474932427,0.27832,-0.608398,0.72168
1523149474952593,0.285645,-0.611816,0.714355
1523149474974780,0.27832,-0.608887,0.724609
1523149474992587,0.262207,-0.632813,0.737793
1523149475013644,0.259277,-0.625488,0.734375
1523149475042380,0.266602,-0.626465,0.730957
1523149475052722,0.270996,-0.620117,0.736328
1523149475073776,0.27002,-0.621582,0.733398
1523149475094833,0.273926,-0.619141,0.727539
1523149475113000,0.282227,-0.621094,0.743652
1523149475133936,0.327148,-0.553223,0.772461
1523149475154492,0.275879,-0.634277,0.748535
1523149475172541,0.266602,-0.64502,0.762207
1523149475193601,0.270508,-0.622559,0.765625
1523149475214894,0.253906,-0.609375,0.73877
1523149475232701,0.251465,-0.598633,0.719238
1523149475253769,0.253906,-0.563965,0.694824
1523149475275029,0.251953,-0.595703,0.711426
1523149475293362,0.251465,-0.604492,0.706543
1523149475320935,0.256836,-0.602539,0.716309
1523149475334474,0.251465,-0.642578,0.72998
1523149475352519,0.271484,-0.629883,0.749023
1523149475375080,0.275391,-0.616211,0.749023
1523149475394631,0.276855,-0.611328,0.75293
1523149475412679,0.289063,-0.616211,0.750977
1523149475435476,0.280762,-0.607422,0.743164
1523149475455027,0.276367,-0.612793,0.737793
1523149475472970,0.26416,-0.609863,0.724609
1523149475494898,0.257813,-0.611816,0.708984
1523149475515064,0.252441,-0.620117,0.717773
1523149475533000,0.265137,-0.621094,0.725098
1523149475555058,0.273438,-0.621582,0.72998
1523149475574712,0.278809,-0.614746,0.73291
1523149475592660,0.283691,-0.605957,0.73291
1523149475615219,0.279785,-0.599121,0.736328
1523149475634770,0.268066,-0.611816,0.733887
1523149475652861,0.293457,-0.567871,0.758789
1523149475675379,0.269043,-0.629395,0.728027
1523149475694429,0.278809,-0.648926,0.735352
1523149475712977,0.269043,-0.612793,0.751465
1523149475735135,0.25293,-0.617676,0.75293
1523149475754895,0.253906,-0.604004,0.729492
1523149475772974,0.261719,-0.590332,0.730957
1523149475795513,0.274414,-0.594727,0.725586
1523149475815349,0.275879,-0.639648,0.740723
1523149475833010,0.279785,-0.640137,0.729004
1523149475855502,0.273926,-0.63916,0.728516
1523149475877513,0.264648,-0.625977,0.733887
1523149475892555,0.276855,-0.61377,0.735352
1523149475915354,0.282715,-0.60498,0.720703
1523149475936205,0.286133,-0.595703,0.720215
1523149475952749,0.289551,-0.602539,0.706055
1523149475975308,0.282715,-0.610352,0.713867
1523149475996547,0.274902,-0.621582,0.720215
1523149476011967,0.257813,-0.611328,0.728027
1523149476034465,0.258789,-0.623047,0.73291
1523149476055683,0.279297,-0.611328,0.720215
1523149476071565,0.276367,-0.631836,0.716797
1523149476095629,0.287109,-0.635742,0.70752
1523149476115699,0.291992,-0.623047,0.685547
1523149476137980,0.268066,-0.620605,0.652832
1523149476154787,0.268555,-0.61084,0.61377
1523149476175342,0.273926,-0.621582,0.609863
1523149476191384,0.272461,-0.635742,0.629395
1523149476214663,0.249023,-0.610352,0.67627
1523149476236791,0.250977,-0.603516,0.689453
1523149476250827,0.260742,-0.631348,0.700684
1523149476274390,0.266602,-0.646973,0.696777
1523149476296951,0.275391,-0.678711,0.693848
1523149476318004,0.288574,-0.682129,0.677734
1523149476334330,0.310059,-0.706543,0.655273
1523149476356889,0.306641,-0.734375,0.65332
1523149476378304,0.307129,-0.743164,0.653809
1523149476394350,0.310547,-0.757324,0.658203
1523149476416911,0.314941,-0.758789,0.67041
1523149476437966,0.301758,-0.749023,0.672363
1523149476454510,0.304688,-0.746582,0.670898
1523149476477069,0.3125,-0.751953,0.668945
1523149476497859,0.320801,-0.748535,0.657715
1523149476514168,0.330566,-0.745117,0.640137
1523149476544249,0.34375,-0.746582,0.621582
1523149476550828,0.352539,-0.752441,0.603516
1523149476574397,0.358887,-0.752441,0.598145
1523149476596952,0.339844,-0.762207,0.595215
1523149476618064,0.319336,-0.766113,0.590332
1523149476634050,0.302246,-0.768555,0.585938
1523149476657233,0.296387,-0.773926,0.585449
1523149476678323,0.284668,-0.776367,0.594238
1523149476694369,0.284668,-0.76123,0.599609
1523149476716929,0.272461,-0.760742,0.618652
