timestamp,x,y,z,w
1523148914976494,0.164429,0.331848,-0.738525,-0.563477
1523148914997540,0.160767,0.329468,-0.739319,-0.564819
1523148915014083,0.158081,0.327942,-0.741028,-0.56427
1523148915036644,0.157776,0.325745,-0.742126,-0.564209
1523148915057198,0.156372,0.321594,-0.744324,-0.564026
1523148915073743,0.155396,0.319336,-0.74585,-0.563599
1523148915096304,0.152954,0.31665,-0.747437,-0.56366
1523148915117360,0.150513,0.315796,-0.748169,-0.563843
1523148915133401,0.148682,0.315247,-0.748535,-0.564209
1523148915156463,0.147278,0.314758,-0.748657,-0.564636
1523148915177519,0.146301,0.314392,-0.748474,-0.565308
1523148915194063,0.145264,0.314148,-0.748108,-0.566162
1523148915216621,0.143555,0.314209,-0.747803,-0.567017
1523148915237680,0.140625,0.315125,-0.747375,-0.56781
1523148915253229,0.13739,0.316101,-0.74707,-0.568481
1523148915276282,0.134949,0.315552,-0.747009,-0.569397
1523148915298842,0.133972,0.314087,-0.747375,-0.569946
1523148915313381,0.134094,0.313049,-0.747681,-0.570129
1523148915336567,0.134338,0.311646,-0.747925,-0.570557
1523148915359125,0.134521,0.310303,-0.748108,-0.570984
1523148915373673,0.134766,0.309509,-0.74823,-0.571228
1523148915396225,0.134216,0.308777,-0.748474,-0.57135
1523148915419790,0.132996,0.308777,-0.748657,-0.571472
1523148915433826,0.131714,0.30896,-0.748657,-0.571594
1523148915456386,0.130127,0.308838,-0.748718,-0.572021
1523148915478946,0.128174,0.308289,-0.74884,-0.572571
1523148915492982,0.126526,0.307983,-0.749146,-0.572754
1523148915517046,0.124573,0.307922,-0.749634,-0.572571
1523148915539106,0.120728,0.306946,-0.750793,-0.572266
1523148915560160,0.118347,0.305481,-0.751282,-0.572998
1523148915576205,0.117676,0.301758,-0.752441,-0.573608
1523148915605282,0.119324,0.299927,-0.753113,-0.573303
1523148915619823,0.120483,0.298096,-0.753845,-0.572998
1523148915636366,0.120789,0.29657,-0.754333,-0.573181
1523148915666445,0.120605,0.296265,-0.754395,-0.573303
1523148915673462,0.120544,0.296326,-0.754333,-0.573303
1523148915696534,0.120117,0.297058,-0.753906,-0.573608
1523148915719086,0.119812,0.298035,-0.753296,-0.573975
1523148915733123,0.119507,0.299011,-0.752686,-0.574341
1523148915756689,0.117981,0.300476,-0.752075,-0.574646
1523148915778742,0.116516,0.302185,-0.751404,-0.574951
1523148915799802,0.116211,0.303528,-0.750732,-0.575134
1523148915816342,0.116272,0.303528,-0.75061,-0.575256
1523148915838903,0.117371,0.303528,-0.75061,-0.575073
1523148915859959,0.118591,0.303406,-0.75061,-0.574951
1523148915876503,0.119751,0.303101,-0.750549,-0.57489
1523148915899065,0.120544,0.302856,-0.750549,-0.57489
1523148915920118,0.121033,0.302856,-0.750488,-0.57489
1523148915943681,0.12146,0.302979,-0.750366,-0.57489
1523148915958722,0.121887,0.30304,-0.750305,-0.574829
1523148915979777,0.122253,0.302979,-0.750183,-0.57489
1523148915996323,0.122681,0.302795,-0.750183,-0.574951
1523148916018882,0.122681,0.302673,-0.750183,-0.574951
1523148916039938,0.122803,0.302246,-0.750427,-0.57489
1523148916056481,0.122559,0.301758,-0.750793,-0.574707
1523148916079043,0.119141,0.30072,-0.750854,-0.575867
1523148916100098,0.117493,0.300293,-0.752075,-0.574829
1523148916116642,0.116699,0.298584,-0.752686,-0.575134
1523148916138701,0.117188,0.297119,-0.753357,-0.57489
1523148916159756,0.118896,0.296631,-0.753662,-0.574402
1523148916176301,0.120178,0.295288,-0.75415,-0.574158
1523148916198860,0.121216,0.295166,-0.75415,-0.573975
1523148916221420,0.121643,0.295898,-0.753784,-0.573975
1523148916236465,0.121399,0.29718,-0.753235,-0.574158
1523148916259022,0.12085,0.298828,-0.752563,-0.57428
1523148916281580,0.119873,0.300415,-0.752014,-0.574341
1523148916296622,0.118408,0.302002,-0.751587,-0.574402
1523148916319180,0.116699,0.303528,-0.751221,-0.574402
1523148916341240,0.115906,0.304688,-0.750793,-0.574585
1523148916356280,0.116028,0.305298,-0.750427,-0.574707
1523148916378841,0.116516,0.305664,-0.750183,-0.574707
1523148916401399,0.117371,0.305786,-0.75,-0.574707
1523148916415938,0.118225,0.305786,-0.749878,-0.574707
1523148916439502,0.119019,0.305603,-0.749817,-0.574707
1523148916461560,0.119751,0.30542,-0.749817,-0.574585
1523148916475598,0.119873,0.305115,-0.75,-0.574524
1523148916499159,0.119934,0.304871,-0.750244,-0.574341
1523148916528739,0.119812,0.304016,-0.750793,-0.574097
1523148916535758,0.119141,0.302673,-0.75177,-0.573669
1523148916558819,0.115784,0.300415,-0.752075,-0.575073
1523148916581379,0.113525,0.300049,-0.753174,-0.574341
1523148916595917,0.112061,0.298523,-0.753479,-0.575073
1523148916618979,0.112488,0.296387,-0.754028,-0.575378
1523148916641538,0.112793,0.294922,-0.754578,-0.575256
1523148916655576,0.112976,0.292908,-0.755676,-0.574829
1523148916678637,0.112488,0.293152,-0.755737,-0.574768
1523148916701199,0.110901,0.294983,-0.755066,-0.575012
1523148916722755,0.108765,0.298157,-0.753784,-0.575439
1523148916738798,0.106506,0.300415,-0.752502,-0.576416
1523148916761358,0.106506,0.300415,-0.751709,-0.577454
1523148916782413,0.108276,0.301575,-0.75061,-0.577942
1523148916798456,0.110901,0.302185,-0.749939,-0.578003
1523148916821016,0.11322,0.302246,-0.749512,-0.578003
1523148916842575,0.114502,0.302063,-0.749268,-0.578247
1523148916859122,0.115479,0.301758,-0.749084,-0.57843
1523148916881176,0.115967,0.301819,-0.748901,-0.578491
1523148916902736,0.116272,0.302124,-0.748718,-0.578491
1523148916918780,0.11615,0.302368,-0.748657,-0.578491
1523148916941337,0.115601,0.302612,-0.748718,-0.578369
1523148916963897,0.114563,0.303162,-0.748901,-0.578125
1523148916978936,0.113159,0.303711,-0.749023,-0.577881
1523148917001499,0.111389,0.303467,-0.749573,-0.577637
1523148917022552,0.109741,0.302917,-0.750366,-0.577209
1523148917039096,0.107788,0.302368,-0.751343,-0.57666
1523148917061656,0.104065,0.300842,-0.753174,-0.575684
1523148917083717,0.10199,0.300537,-0.75354,-0.575745
1523148917098255,0.102356,0.297546,-0.754761,-0.575623
1523148917121316,0.105286,0.296448,-0.755188,-0.575134
1523148917142370,0.107666,0.295349,-0.755737,-0.574585
1523148917158917,0.109131,0.294678,-0.756104,-0.574097
1523148917181477,0.109375,0.294556,-0.756348,-0.573853
1523148917204037,0.108521,0.294312,-0.756592,-0.573792
1523148917219076,0.107056,0.294861,-0.756775,-0.573547
1523148917241134,0.10498,0.295837,-0.756836,-0.573303
1523148917270213,0.102356,0.296875,-0.756897,-0.573242
1523148917278734,0.0991821,0.297913,-0.756836,-0.573303
1523148917301798,0.0959473,0.298889,-0.756592,-0.573669
1523148917323855,0.0940552,0.2995,-0.756165,-0.57428
1523148917338393,0.0939941,0.299622,-0.755798,-0.574646
1523148917361455,0.0947876,0.2995,-0.755554,-0.574951
1523148917384014,0.0958862,0.299316,-0.755371,-0.575073
1523148917398053,0.0965576,0.299316,-0.755249,-0.575134
1523148917421614,0.0966187,0.299255,-0.755249,-0.575134
1523148917443673,0.0962524,0.29895,-0.755371,-0.575195
1523148917458212,0.0957031,0.29895,-0.755554,-0.575073
1523148917481275,0.0950317,0.299316,-0.755554,-0.574951
1523148917503834,0.093811,0.299561,-0.755859,-0.574646
1523148917518373,0.0922852,0.2995,-0.756409,-0.574219
1523148917548953,0.0914307,0.299377,-0.75708,-0.573486
1523148917563994,0.0894775,0.298401,-0.757996,-0.573059
1523148917578534,0.0875244,0.297607,-0.758484,-0.57312
1523148917601594,0.0876465,0.294983,-0.75946,-0.573181
1523148917623652,0.0895386,0.293884,-0.759766,-0.57312
1523148917638191,0.0914917,0.292969,-0.760132,-0.572754
1523148917661755,0.0925293,0.292725,-0.760193,-0.572632
1523148917683813,0.0928955,0.29364,-0.759827,-0.572571
1523148917704869,0.0924683,0.294617,-0.759521,-0.572571
1523148917721414,0.0914917,0.295776,-0.759277,-0.572449
1523148917743972,0.0895386,0.297241,-0.759033,-0.572327
1523148917765029,0.0874023,0.298157,-0.758667,-0.572632
1523148917781572,0.0880127,0.298889,-0.758179,-0.572815
1523148917804132,0.090332,0.299316,-0.75769,-0.572876
1523148917826190,0.0932007,0.299622,-0.757324,-0.572815
1523148917841232,0.0959473,0.299927,-0.756897,-0.572754
1523148917863791,0.0983887,0.300415,-0.75647,-0.572632
1523148917884850,0.0999756,0.301086,-0.756104,-0.57251
1523148917901395,0.100769,0.301819,-0.755737,-0.572449
1523148917923952,0.10083,0.302734,-0.755432,-0.572327
1523148917945007,0.100708,0.303833,-0.755188,-0.572083
1523148917961558,0.100586,0.304688,-0.755066,-0.571838
1523148917984111,0.100403,0.305542,-0.754822,-0.571716
1523148918005167,0.100342,0.305908,-0.754639,-0.571777
1523148918021214,0.100342,0.305908,-0.754639,-0.571716
1523148918043770,0.100708,0.305542,-0.754822,-0.571655
1523148918064833,0.0996704,0.304382,-0.7547,-0.572632
1523148918081370,0.100281,0.304504,-0.754517,-0.572693
1523148918103930,0.102295,0.302795,-0.754639,-0.57312
1523148918126490,0.104675,0.302002,-0.754578,-0.573181
1523148918141531,0.106506,0.302063,-0.754333,-0.57312
1523148918164090,0.1073,0.30188,-0.754395,-0.572937
1523148918186148,0.106689,0.302368,-0.754395,-0.572876
1523148918201190,0.104736,0.303406,-0.754333,-0.572754
1523148918223748,0.101929,0.304565,-0.754272,-0.572693
1523148918246313,0.0986938,0.305237,-0.754333,-0.572815
1523148918261351,0.0965576,0.305603,-0.754272,-0.57312
1523148918283909,0.0959473,0.305298,-0.754272,-0.573364
1523148918306470,0.0966187,0.304749,-0.754395,-0.573364
1523148918320510,0.0979004,0.304382,-0.754395,-0.573303
1523148918344069,0.0993042,0.303833,-0.754456,-0.573303
1523148918366630,0.100647,0.303345,-0.754517,-0.573242
1523148918388691,0.101807,0.302979,-0.754639,-0.57312
1523148918403727,0.102905,0.302917,-0.7547,-0.572815
1523148918426289,0.104004,0.302856,-0.754822,-0.572571
1523148918440826,0.105164,0.30249,-0.755005,-0.572266
1523148918463889,0.10614,0.302368,-0.754944,-0.572205
1523148918486447,0.106812,0.302612,-0.754883,-0.572021
1523148918500485,0.107666,0.303162,-0.754639,-0.57196
1523148918524047,0.108887,0.30304,-0.754456,-0.572021
1523148918546609,0.110962,0.302795,-0.754272,-0.57196
1523148918567665,0.113708,0.302124,-0.75415,-0.571899
1523148918583708,0.116394,0.300659,-0.754456,-0.571777
1523148918606267,0.120911,0.299255,-0.753418,-0.572937
1523148918628826,0.126038,0.295776,-0.753479,-0.573547
1523148918643870,0.131165,0.294434,-0.753296,-0.573303
1523148918666428,0.133484,0.294128,-0.753113,-0.573181
1523148918687484,0.13324,0.29364,-0.753174,-0.573425
1523148918704028,0.132202,0.293274,-0.753723,-0.573181
1523148918726587,0.130249,0.293274,-0.754456,-0.572632
1523148918747643,0.126953,0.293457,-0.754883,-0.572693
1523148918763686,0.122681,0.294495,-0.754639,-0.573364
1523148918769211,0.118835,0.295471,-0.75415,-0.574402
1523148918791770,0.117126,0.296082,-0.753418,-0.575378
1523148918814332,0.116943,0.295532,-0.75293,-0.576355
1523148918829373,0.117493,0.294617,-0.752625,-0.577087
1523148918854939,0.118347,0.293762,-0.752258,-0.57782
1523148918873990,0.119202,0.292969,-0.751892,-0.578552
1523148918889030,0.119446,0.292236,-0.751709,-0.579102
1523148918911589,0.118591,0.291077,-0.752014,-0.579407
1523148918934156,0.117493,0.290039,-0.75293,-0.578979
1523148918949190,0.116516,0.289978,-0.753723,-0.578186
1523148918971750,0.115356,0.289978,-0.754272,-0.577759
1523148918994313,0.114075,0.290161,-0.754517,-0.577576
1523148919009352,0.11377,0.290588,-0.754456,-0.577454
1523148919033414,0.113953,0.291077,-0.754395,-0.577271
1523148919054469,0.113586,0.291138,-0.75354,-0.57843
1523148919069008,0.114319,0.291504,-0.75354,-0.578064
1523148919091572,0.11615,0.28949,-0.75354,-0.578735
1523148919114129,0.118896,0.287231,-0.753845,-0.578918
1523148919129169,0.122192,0.287109,-0.753418,-0.578796
1523148919151731,0.124573,0.286682,-0.753357,-0.578552
1523148919174289,0.125854,0.286743,-0.753296,-0.57843
1523148919189330,0.12616,0.287292,-0.753113,-0.578308
1523148919214897,0.125854,0.288147,-0.75293,-0.578125
1523148919234452,0.125244,0.289124,-0.752808,-0.578003
1523148919249489,0.12439,0.290405,-0.752563,-0.57782
1523148919271548,0.12323,0.291382,-0.752319,-0.577881
1523148919294608,0.121887,0.292297,-0.751892,-0.578247
1523148919309148,0.121399,0.293091,-0.751221,-0.578857
1523148919331707,0.121948,0.293213,-0.750732,-0.579346
1523148919354268,0.122803,0.292725,-0.750488,-0.579712
1523148919369310,0.123779,0.292358,-0.750427,-0.579773
1523148919391867,0.124329,0.291748,-0.750549,-0.579834
1523148919414432,0.124023,0.291138,-0.750793,-0.579895
1523148919429468,0.123352,0.291016,-0.750977,-0.579773
1523148919452028,0.122192,0.290771,-0.751282,-0.579773
1523148919474088,0.120911,0.290527,-0.751526,-0.579895
1523148919496649,0.119446,0.290466,-0.751648,-0.580078
1523148919511689,0.117676,0.289795,-0.751831,-0.580505
1523148919534248,0.116028,0.288757,-0.752136,-0.580933
1523148919549289,0.114929,0.288147,-0.752625,-0.580872
1523148919571848,0.112366,0.287109,-0.752502,-0.582031
1523148919594421,0.111694,0.286743,-0.753052,-0.581604
1523148919616966,0.11261,0.284607,-0.753418,-0.582031
1523148919631505,0.114197,0.282837,-0.753845,-0.58197
1523148919654065,0.116394,0.282959,-0.753601,-0.581787
1523148919670609,0.117798,0.282349,-0.753662,-0.581787
1523148919691674,0.118408,0.282349,-0.753479,-0.581848
1523148919714225,0.118469,0.283203,-0.753174,-0.581787
1523148919730769,0.117065,0.28479,-0.752747,-0.581909
1523148919751827,0.115234,0.287598,-0.752014,-0.581848
1523148919774385,0.114319,0.289124,-0.751465,-0.582031
1523148919790930,0.115112,0.290283,-0.750916,-0.581909
1523148919811986,0.116943,0.291138,-0.750427,-0.581787
1523148919834046,0.119202,0.291443,-0.750061,-0.581665
1523148919850590,0.121338,0.291626,-0.749756,-0.581482
1523148919871653,0.122437,0.291992,-0.749512,-0.581421
1523148919894207,0.122681,0.292297,-0.749329,-0.581421
1523148919910748,0.121887,0.292603,-0.749268,-0.581543
1523148919931808,0.12085,0.293274,-0.749146,-0.581604
1523148919955870,0.119751,0.294189,-0.748901,-0.581665
1523148919970909,0.118958,0.294739,-0.748596,-0.58197
1523148919991965,0.118103,0.294434,-0.748535,-0.582336
1523148920014026,0.117737,0.294006,-0.748718,-0.582397
1523148920032574,0.11676,0.293762,-0.749084,-0.582275
1523148920053128,0.115051,0.292358,-0.750366,-0.581665
1523148920074183,0.114624,0.291626,-0.750488,-0.58197
1523148920092231,0.11499,0.288879,-0.751343,-0.582092
1523148920111782,0.116821,0.287781,-0.751587,-0.582031
1523148920134345,0.118042,0.28656,-0.751709,-0.582214
1523148920152393,0.118713,0.285706,-0.751526,-0.582703
1523148920171942,0.119141,0.28595,-0.751099,-0.583069
1523148920194505,0.119263,0.286316,-0.750671,-0.583374
1523148920212050,0.11908,0.287048,-0.750244,-0.583557
1523148920231602,0.117554,0.288635,-0.749756,-0.58374
1523148920254164,0.115356,0.290833,-0.749084,-0.583923
1523148920272211,0.114136,0.292297,-0.748535,-0.584167
1523148920291763,0.114624,0.293396,-0.747986,-0.58429
1523148920321842,0.116272,0.294128,-0.747437,-0.584229
1523148920332373,0.118469,0.294678,-0.746948,-0.584106
1523148920351924,0.12085,0.295166,-0.746521,-0.583984
1523148920374481,0.122803,0.295471,-0.746277,-0.58374
1523148920392532,0.123657,0.296021,-0.746094,-0.583557
1523148920411584,0.123291,0.296509,-0.746033,-0.583435
1523148920434141,0.122009,0.297363,-0.746033,-0.583252
1523148920452189,0.120544,0.29834,-0.745972,-0.58313
1523148920471742,0.119202,0.299133,-0.745911,-0.583069
1523148920494304,0.117981,0.299194,-0.745972,-0.583191
1523148920512349,0.117432,0.299072,-0.746216,-0.583069
1523148920531923,0.117126,0.298767,-0.746582,-0.582825
1523148920554462,0.115051,0.298645,-0.746582,-0.583313
1523148920572009,0.114807,0.297668,-0.747437,-0.582703
1523148920591560,0.11615,0.296021,-0.747681,-0.583008
1523148920614121,0.118347,0.292908,-0.748535,-0.583008
1523148920632172,0.121033,0.290955,-0.748901,-0.583008
1523148920653225,0.122437,0.289124,-0.749268,-0.58313
1523148920674281,0.122742,0.288086,-0.749451,-0.583374
1523148920692331,0.122681,0.288086,-0.749451,-0.583435
1523148920713385,0.121765,0.288025,-0.749695,-0.583313
1523148920734439,0.120117,0.28833,-0.75,-0.583069
1523148920751987,0.117004,0.289307,-0.750244,-0.582886
1523148920773044,0.113342,0.289917,-0.750366,-0.583191
1523148920794098,0.110779,0.289917,-0.750427,-0.583618
1523148920812147,0.10968,0.289978,-0.750366,-0.583801
1523148920833204,0.109619,0.289246,-0.750549,-0.583984
1523148920854260,0.110413,0.28833,-0.750854,-0.583923
1523148920876820,0.111328,0.287537,-0.751038,-0.583862
1523148920893364,0.112061,0.286682,-0.751221,-0.583984
1523148920914423,0.112549,0.286194,-0.751221,-0.584106
1523148920932467,0.112549,0.286194,-0.751221,-0.584106
1523148920953022,0.112488,0.286194,-0.751221,-0.584106
1523148920974081,0.111816,0.286072,-0.751404,-0.584045
1523148920992126,0.111572,0.286011,-0.751648,-0.583862
1523148921014687,0.111206,0.285583,-0.752075,-0.583496
1523148921034240,0.108887,0.285156,-0.752075,-0.584167
1523148921052286,0.108459,0.284851,-0.752869,-0.583435
1523148921074846,0.109009,0.284058,-0.752869,-0.583679
1523148921094401,0.109741,0.282104,-0.753662,-0.583435
1523148921112448,0.110535,0.281372,-0.754089,-0.583069
1523148921134508,0.109863,0.279785,-0.754822,-0.583069
1523148921155561,0.108765,0.279297,-0.755127,-0.58313
1523148921172105,0.107727,0.279602,-0.755066,-0.583252
1523148921195167,0.106689,0.279724,-0.754944,-0.583557
1523148921214217,0.105896,0.280273,-0.754639,-0.583801
1523148921232269,0.10498,0.281311,-0.754211,-0.583984
1523148921254831,0.10376,0.282837,-0.753662,-0.584167
1523148921274378,0.10199,0.283997,-0.753296,-0.584412
1523148921291924,0.101196,0.284851,-0.753113,-0.584351
1523148921314486,0.10144,0.284973,-0.753174,-0.584229
1523148921334037,0.102783,0.284607,-0.753235,-0.584106
1523148921352087,0.104553,0.284912,-0.752869,-0.584045
1523148921375145,0.106323,0.285522,-0.752319,-0.584167
1523148921394196,0.107727,0.285767,-0.751892,-0.584412
1523148921412244,0.108704,0.285889,-0.751587,-0.584473
1523148921434807,0.109192,0.286194,-0.751465,-0.584351
1523148921454358,0.108765,0.286255,-0.751587,-0.58429
1523148921472404,0.108093,0.286316,-0.751709,-0.58429
1523148921495466,0.108032,0.286194,-0.751953,-0.583984
1523148921515022,0.108582,0.285706,-0.752502,-0.583435
1523148921532065,0.108276,0.283997,-0.752869,-0.583801
1523148921554121,0.109009,0.283447,-0.753601,-0.583008
1523148921575680,0.110474,0.281616,-0.754089,-0.583008
1523148921592224,0.112,0.279907,-0.754639,-0.582825
1523148921614789,0.112549,0.279236,-0.754761,-0.582886
1523148921635840,0.111938,0.278503,-0.754883,-0.583191
1523148921652383,0.111145,0.27887,-0.754761,-0.583374
1523148921682463,0.109985,0.279175,-0.754639,-0.583557
1523148921712543,0.109131,0.279724,-0.754456,-0.58374
1523148921714548,0.108521,0.280396,-0.754028,-0.584106
1523148921734101,0.107971,0.28125,-0.753479,-0.584412
1523148921755156,0.106506,0.282654,-0.75293,-0.584717
1523148921771201,0.104797,0.284302,-0.75238,-0.585022
1523148921793759,0.104492,0.285889,-0.75177,-0.585022
1523148921814819,0.104553,0.287109,-0.751343,-0.584961
1523148921831361,0.105347,0.288391,-0.750977,-0.584656
1523148921853920,0.106567,0.289551,-0.75061,-0.58429
1523148921874976,0.107971,0.290771,-0.750427,-0.583679
1523148921891019,0.108887,0.291504,-0.750427,-0.58313
1523148921914079,0.109436,0.292114,-0.750549,-0.582642
1523148921936638,0.109314,0.292236,-0.750671,-0.582397
1523148921951178,0.108948,0.292236,-0.750732,-0.582397
1523148921973740,0.108948,0.292175,-0.750732,-0.582458
1523148921996299,0.10907,0.291809,-0.750793,-0.58252
1523148922011339,0.109131,0.291504,-0.750854,-0.582581
1523148922033899,0.109497,0.291138,-0.750916,-0.582581
1523148922056458,0.109192,0.291077,-0.75116,-0.582397
1523148922070495,0.107239,0.290649,-0.750732,-0.583496
1523148922094059,0.10614,0.29126,-0.750916,-0.58313
1523148922123637,0.106384,0.289673,-0.751221,-0.583496
1523148922130657,0.107056,0.28772,-0.751892,-0.583435
1523148922153717,0.107727,0.28717,-0.751953,-0.583557
1523148922176278,0.107483,0.286316,-0.752075,-0.583923
1523148922190815,0.107117,0.286133,-0.751892,-0.584229
1523148922213888,0.106689,0.286316,-0.75177,-0.584412
1523148922236438,0.106445,0.286621,-0.751587,-0.584534
1523148922250475,0.106384,0.287354,-0.751221,-0.584656
1523148922274037,0.104736,0.288757,-0.750671,-0.584961
1523148922296599,0.103638,0.290833,-0.749939,-0.585083
1523148922310635,0.103088,0.292114,-0.749451,-0.585205
1523148922333696,0.103394,0.292603,-0.749268,-0.585083
1523148922356257,0.104797,0.293213,-0.749084,-0.584717
1523148922370796,0.105835,0.293518,-0.749146,-0.584412
1523148922393856,0.106201,0.293579,-0.749146,-0.584229
1523148922416423,0.106201,0.293457,-0.749207,-0.584229
1523148922437472,0.105591,0.293213,-0.74939,-0.58429
1523148922454016,0.104736,0.293274,-0.74939,-0.584351
1523148922476576,0.103943,0.292786,-0.749512,-0.584656
1523148922497631,0.102966,0.291626,-0.749573,-0.585266
1523148922513677,0.102356,0.289978,-0.749695,-0.58606
1523148922543758,0.101257,0.288574,-0.750122,-0.586426
1523148922557293,0.098999,0.286743,-0.750793,-0.586792
1523148922573835,0.0974121,0.285828,-0.751282,-0.586914
1523148922596395,0.0966797,0.282898,-0.752075,-0.587402
1523148922617451,0.0966187,0.280273,-0.75293,-0.587585
1523148922634496,0.0966187,0.278992,-0.753174,-0.58783
1523148922656554,0.0958862,0.277893,-0.753357,-0.588318
1523148922677611,0.0949707,0.278198,-0.752991,-0.588745
1523148922693654,0.0936279,0.278625,-0.752869,-0.588989
1523148922716214,0.0917969,0.27887,-0.752563,-0.589478
1523148922737270,0.0894775,0.279785,-0.752258,-0.589844
1523148922753815,0.086853,0.280212,-0.752014,-0.590271
1523148922776376,0.0853882,0.281128,-0.75177,-0.590454
1523148922797432,0.0848389,0.281921,-0.751465,-0.590515
1523148922813475,0.0848389,0.281921,-0.751343,-0.590698
1523148922844055,0.0855713,0.282166,-0.751038,-0.590759
1523148922859094,0.0864258,0.282654,-0.750793,-0.590759
1523148922873634,0.0870972,0.282776,-0.75061,-0.59082
1523148922896193,0.0875854,0.282776,-0.750549,-0.59082
1523148922918753,0.0876465,0.282959,-0.750488,-0.59082
1523148922933794,0.0876465,0.28302,-0.750427,-0.59082
1523148922956353,0.0874634,0.282959,-0.750427,-0.590942
1523148922978913,0.0875244,0.282715,-0.750488,-0.591003
1523148922993954,0.0876465,0.282043,-0.750854,-0.59082
1523148923016513,0.0864258,0.280396,-0.750793,-0.591858
1523148923039072,0.0870972,0.280273,-0.751099,-0.59137
1523148923053110,0.0888672,0.27887,-0.751343,-0.591492
1523148923076173,0.0900879,0.27771,-0.751648,-0.591431
1523148923099233,0.0910034,0.277527,-0.751465,-0.591675
1523148923113271,0.0914917,0.276978,-0.751587,-0.591736
1523148923136331,0.0918579,0.277039,-0.751648,-0.591492
1523148923158890,0.0919189,0.276611,-0.751953,-0.591309
1523148923173430,0.0914917,0.275757,-0.752258,-0.591431
1523148923196496,0.0913086,0.275635,-0.752197,-0.591553
1523148923219051,0.0911865,0.276306,-0.751831,-0.591736
1523148923233090,0.0906372,0.277283,-0.751282,-0.592041
1523148923256150,0.0894165,0.278931,-0.75061,-0.592346
1523148923279713,0.0883179,0.280273,-0.75,-0.59259
1523148923293303,0.0873413,0.281738,-0.749451,-0.592773
1523148923316362,0.086792,0.283203,-0.749023,-0.592712
1523148923346447,0.086792,0.283813,-0.74884,-0.592651
1523148923359977,0.0872192,0.283386,-0.749023,-0.592529
1523148923377022,0.0875244,0.283386,-0.749146,-0.592346
1523148923398580,0.0877075,0.283569,-0.749023,-0.592346
1523148923420137,0.0879517,0.283508,-0.748962,-0.592407
1523148923436180,0.0878296,0.283203,-0.749023,-0.592529
1523148923458743,0.0884399,0.283203,-0.749146,-0.592285
1523148923480298,0.0882568,0.283325,-0.749207,-0.592163
1523148923496341,0.0874023,0.281921,-0.750366,-0.591492
1523148923518903,0.0878906,0.281494,-0.750305,-0.591736
1523148923539956,0.0889893,0.279602,-0.750793,-0.591858
1523148923556501,0.090332,0.278198,-0.751099,-0.591919
1523148923579061,0.0911865,0.276855,-0.751404,-0.592041
1523148923600116,0.0913696,0.275574,-0.751648,-0.592285
1523148923616160,0.0916138,0.275269,-0.751709,-0.592346
1523148923638720,0.0913086,0.275146,-0.751587,-0.592529
1523148923659780,0.0906372,0.275757,-0.751282,-0.592773
1523148923676320,0.0895386,0.276978,-0.750732,-0.593018
1523148923698880,0.0877686,0.278198,-0.750244,-0.593384
1523148923719936,0.0860596,0.279602,-0.749634,-0.593689
1523148923736481,0.0852661,0.281311,-0.748962,-0.593933
1523148923759041,0.085083,0.282349,-0.748474,-0.594055
1523148923780106,0.0852051,0.282959,-0.748108,-0.594177
1523148923796641,0.0855713,0.282837,-0.747986,-0.59436
1523148923818699,0.0863647,0.282715,-0.747925,-0.59436
1523148923841258,0.0869751,0.282654,-0.747803,-0.594482
1523148923856299,0.0873413,0.282898,-0.74762,-0.594543
1523148923878860,0.0872803,0.28302,-0.74762,-0.594543
1523148923901419,0.0872192,0.283081,-0.747559,-0.594543
1523148923916459,0.0874634,0.283508,-0.747375,-0.594482
1523148923939017,0.0874634,0.283875,-0.747192,-0.594604
1523148923961578,0.0875854,0.284119,-0.74707,-0.594604
1523148923975616,0.0876465,0.284058,-0.74707,-0.594604
1523148923998678,0.0877686,0.284302,-0.747375,-0.594116
1523148924028762,0.0870361,0.283813,-0.747803,-0.593933
1523148924035777,0.086731,0.283752,-0.747986,-0.59375
1523148924058838,0.0876465,0.282593,-0.748291,-0.593811
1523148924081398,0.0888062,0.281372,-0.748657,-0.59375
1523148924095937,0.090271,0.281067,-0.748596,-0.593689
1523148924118998,0.0910645,0.28064,-0.748535,-0.593872
1523148924141556,0.0916138,0.280884,-0.74823,-0.594055
1523148924155595,0.0916748,0.281189,-0.748047,-0.594177
1523148924178658,0.0913086,0.281738,-0.747803,-0.594238
1523148924208736,0.0906982,0.282532,-0.747559,-0.594299
1523148924215757,0.0900879,0.283386,-0.747314,-0.594299
1523148924238909,0.0891113,0.28418,-0.747009,-0.594421
1523148924261469,0.0884399,0.28479,-0.746826,-0.594482
1523148924275505,0.0881958,0.285339,-0.746643,-0.594421
1523148924299067,0.0883789,0.285156,-0.746704,-0.594421
1523148924321632,0.0889282,0.285278,-0.746643,-0.59436
1523148924343686,0.0895996,0.285828,-0.746277,-0.594421
1523148924358726,0.0903931,0.28595,-0.746094,-0.594543
1523148924381287,0.0913696,0.285706,-0.745911,-0.594727
1523148924402343,0.0921021,0.286072,-0.745667,-0.594788
1523148924418889,0.0922852,0.286438,-0.745544,-0.594727
1523148924441449,0.0915527,0.28656,-0.745605,-0.594666
1523148924462503,0.0906372,0.286926,-0.745667,-0.594543
1523148924486567,0.0898438,0.286987,-0.745728,-0.594543
1523148924501607,0.0892944,0.286743,-0.745972,-0.594482
1523148924522664,0.0893555,0.286499,-0.746277,-0.594177
1523148924538707,0.0891724,0.286316,-0.746765,-0.593689
1523148924561266,0.0884399,0.28595,-0.747009,-0.593628
1523148924582322,0.0886841,0.286682,-0.746826,-0.593567
1523148924598867,0.0905151,0.285522,-0.746887,-0.593689
1523148924621427,0.0921631,0.284241,-0.747131,-0.59375
1523148924642482,0.0939941,0.284241,-0.746948,-0.59375
1523148924659027,0.0942383,0.283752,-0.746948,-0.593872
1523148924681585,0.093811,0.283752,-0.747009,-0.593933
1523148924702141,0.0928345,0.284058,-0.746948,-0.593994
1523148924718685,0.0917969,0.284119,-0.746887,-0.594177
1523148924741247,0.0913696,0.284424,-0.746826,-0.594177
1523148924763806,0.0901489,0.284729,-0.746704,-0.594421
1523148924778846,0.0890503,0.285828,-0.746216,-0.594604
1523148924801405,0.088501,0.287354,-0.745544,-0.594849
1523148924823969,0.0892334,0.288879,-0.744873,-0.594849
1523148924839004,0.0911255,0.289978,-0.744446,-0.594543
1523148924861565,0.0925903,0.289673,-0.744568,-0.594299
1523148924884125,0.0935059,0.289246,-0.744812,-0.594055
1523148924898664,0.0935059,0.289185,-0.744812,-0.594055
1523148924921223,0.0934448,0.289124,-0.744873,-0.594055
1523148924944289,0.0930786,0.289063,-0.744873,-0.594116
1523148924958324,0.0927124,0.28894,-0.744995,-0.594055
1523148924981384,0.0924072,0.288635,-0.745117,-0.594116
1523148925003944,0.0922852,0.288269,-0.745178,-0.594299
1523148925017981,0.0927734,0.287781,-0.745239,-0.59436
1523148925041545,0.0931396,0.287354,-0.745483,-0.594177
1523148925064105,0.0922852,0.286682,-0.7453,-0.59491
1523148925078143,0.0921631,0.287415,-0.7453,-0.594482
1523148925101203,0.0932617,0.286133,-0.745544,-0.594666
1523148925123763,0.0942993,0.284607,-0.746033,-0.594666
1523148925138302,0.0959473,0.284363,-0.746033,-0.594482
1523148925161365,0.0963135,0.283264,-0.746399,-0.594543
1523148925183923,0.0961914,0.282593,-0.746643,-0.594543
1523148925197960,0.0955811,0.282715,-0.746765,-0.594482
1523148925221523,0.0946045,0.283081,-0.746643,-0.594543
1523148925244082,0.0931396,0.28418,-0.746277,-0.594727
1523148925265139,0.0914917,0.285889,-0.745789,-0.594788
1523148925281182,0.0900879,0.286987,-0.745239,-0.595154
1523148925303742,0.0897217,0.287659,-0.744934,-0.595215
1523148925324797,0.0901489,0.288086,-0.744812,-0.595154
1523148925341349,0.0910034,0.288391,-0.74469,-0.595032
1523148925363901,0.0916748,0.288513,-0.744507,-0.595093
1523148925384958,0.0924072,0.288391,-0.744446,-0.595093
1523148925401503,0.0925903,0.288208,-0.744629,-0.594971
1523148925424063,0.0923462,0.28833,-0.744812,-0.594666
1523148925445618,0.0918579,0.288574,-0.744934,-0.594482
1523148925461160,0.0917969,0.288635,-0.744873,-0.594482
1523148925483723,0.0919189,0.288635,-0.744873,-0.594604
1523148925504783,0.0921021,0.28833,-0.744873,-0.594666
1523148925521321,0.0927734,0.288147,-0.744934,-0.594543
1523148925543880,0.0933228,0.28772,-0.7453,-0.594238
1523148925564937,0.0921631,0.287354,-0.745483,-0.59436
1523148925581485,0.0921021,0.286743,-0.746399,-0.593506
1523148925604041,0.0928345,0.286743,-0.746338,-0.593445
1523148925625097,0.093811,0.28479,-0.74707,-0.593384
1523148925641140,0.0947266,0.28363,-0.747559,-0.59314
1523148925663700,0.0951538,0.283447,-0.747742,-0.592896
1523148925684756,0.0946045,0.283203,-0.747925,-0.592896
1523148925700798,0.0938721,0.283691,-0.747803,-0.592957
1523148925729880,0.0932007,0.284546,-0.747498,-0.593018
1523148925753941,0.0917358,0.285522,-0.74707,-0.593323
1523148925761460,0.0899658,0.286865,-0.746582,-0.593567
1523148925784021,0.0887451,0.287598,-0.746155,-0.593933
1523148925806578,0.0882568,0.288025,-0.745728,-0.594299
1523148925820616,0.0882568,0.287964,-0.745483,-0.594604
1523148925844181,0.0889282,0.287415,-0.745544,-0.594727
1523148925866240,0.0900269,0.286377,-0.745911,-0.594604
1523148925880781,0.0905762,0.285583,-0.746338,-0.59436
1523148925903839,0.0904541,0.285095,-0.746704,-0.594116
1523148925926398,0.0901489,0.28479,-0.746948,-0.594055
1523148925940436,0.0895996,0.284302,-0.747253,-0.593933
1523148925964000,0.0891724,0.283752,-0.74762,-0.593872
1523148925986558,0.0888672,0.283569,-0.747925,-0.593567
1523148926008616,0.0884399,0.283264,-0.748474,-0.593079
1523148926024157,0.0858765,0.28302,-0.748535,-0.593567
1523148926046220,0.0853882,0.28302,-0.749146,-0.592834
1523148926060758,0.0864868,0.28241,-0.749207,-0.592834
1523148926083817,0.0880127,0.280762,-0.749573,-0.592957
1523148926106378,0.0896606,0.28009,-0.749634,-0.592957
1523148926120917,0.0904541,0.28009,-0.749634,-0.592896
1523148926143981,0.0904541,0.280029,-0.749634,-0.592896
1523148926166538,0.0897827,0.280579,-0.749451,-0.592957
1523148926180575,0.0888062,0.281494,-0.749207,-0.592957
1523148926203637,0.0872192,0.282837,-0.748779,-0.59314
1523148926226700,0.0855713,0.284607,-0.748291,-0.59314
1523148926247252,0.0841675,0.285583,-0.747742,-0.593506
1523148926263799,0.0840454,0.286499,-0.747192,-0.593811
1523148926286359,0.0849609,0.287231,-0.746582,-0.594055
1523148926307411,0.0861816,0.286804,-0.746399,-0.59436
1523148926323958,0.0878296,0.286194,-0.74646,-0.59436
1523148926346517,0.0888672,0.285706,-0.746643,-0.594238
1523148926368074,0.0891724,0.285522,-0.746704,-0.594177
1523148926383615,0.0891724,0.285278,-0.746765,-0.594177
1523148926406175,0.0891724,0.285156,-0.746826,-0.594177
1523148926428735,0.0892334,0.284912,-0.746948,-0.594116
1523148926443776,0.0893555,0.284607,-0.747131,-0.594055
1523148926466338,0.0891113,0.28418,-0.747314,-0.593994
1523148926487392,0.0891724,0.283752,-0.74762,-0.593872
1523148926503936,0.0890503,0.283386,-0.747925,-0.593628
1523148926526496,0.0873413,0.283081,-0.747742,-0.594238
1523148926549055,0.0869141,0.283081,-0.748352,-0.593628
1523148926563606,0.0876465,0.282349,-0.748596,-0.593506
1523148926586167,0.0880737,0.279907,-0.749268,-0.593811
1523148926608726,0.0886841,0.279297,-0.749329,-0.593933
1523148926623767,0.0886841,0.279846,-0.748779,-0.59436
1523148926646327,0.0879517,0.279907,-0.748352,-0.59491
1523148926668885,0.0869751,0.281128,-0.747681,-0.595337
1523148926683926,0.0863037,0.282715,-0.747192,-0.595276
1523148926706495,0.0853271,0.283691,-0.746887,-0.595398
1523148926729048,0.0836182,0.285645,-0.746277,-0.595459
1523148926744087,0.0822754,0.287292,-0.745544,-0.595764
1523148926766145,0.0819702,0.287903,-0.745117,-0.596069
1523148926788706,0.0824585,0.288208,-0.744934,-0.596069
1523148926803243,0.0835571,0.288147,-0.744934,-0.595947
1523148926826809,0.0845947,0.288147,-0.744934,-0.595764
1523148926848865,0.0847168,0.287903,-0.744934,-0.595886
1523148926863405,0.0847168,0.28772,-0.744873,-0.596008
1523148926886467,0.0845947,0.287415,-0.744934,-0.59613
1523148926909024,0.0843506,0.286865,-0.745239,-0.596008
1523148926923062,0.0839233,0.286499,-0.745544,-0.595886
1523148926952641,0.0836792,0.286316,-0.745789,-0.595764
1523148926969183,0.0834351,0.286133,-0.74585,-0.595764
1523148926983222,0.083374,0.285522,-0.746155,-0.595703
1523148927013805,0.0835571,0.284851,-0.746521,-0.59552
1523148927028848,0.0836792,0.284546,-0.746948,-0.595093
1523148927043383,0.0825195,0.284302,-0.746704,-0.595703
1523148927066444,0.0823364,0.284729,-0.74707,-0.595032
1523148927089003,0.083374,0.284302,-0.747131,-0.595032
1523148927103042,0.0844727,0.282471,-0.747498,-0.595276
1523148927126104,0.0863647,0.281921,-0.747559,-0.595215
1523148927148663,0.0875854,0.281677,-0.747437,-0.595276
1523148927169717,0.0879517,0.28125,-0.747498,-0.595398
1523148927186263,0.0878296,0.281494,-0.747253,-0.595642
1523148927208823,0.0874634,0.28186,-0.746887,-0.595947
1523148927229880,0.0874023,0.282288,-0.746521,-0.596191
1523148927246435,0.0870972,0.282837,-0.746216,-0.596375
1523148927276507,0.0863037,0.283813,-0.74585,-0.596436
1523148927290038,0.0852661,0.285156,-0.745422,-0.596497
1523148927306593,0.0844727,0.285889,-0.744995,-0.596802
1523148927328642,0.0846558,0.286682,-0.744507,-0.596985
1523148927349696,0.0852661,0.287109,-0.744202,-0.597107
1523148927366243,0.0862427,0.287415,-0.743958,-0.597107
1523148927388801,0.0871582,0.287598,-0.743774,-0.597107
1523148927409860,0.0878906,0.287842,-0.743652,-0.597046
1523148927426402,0.0881958,0.288025,-0.743469,-0.597107
1523148927448962,0.0882568,0.288025,-0.743408,-0.597168
1523148927470020,0.0882568,0.288025,-0.743408,-0.597168
1523148927486061,0.0882568,0.288025,-0.743408,-0.597229
1523148927508620,0.0882568,0.288025,-0.743408,-0.597168
1523148927529675,0.0881348,0.288147,-0.743469,-0.597107
1523148927546220,0.0884399,0.288269,-0.74353,-0.596924
1523148927568781,0.088623,0.287598,-0.74408,-0.596558
1523148927591341,0.0891113,0.28772,-0.74408,-0.596375
1523148927606382,0.0905762,0.28717,-0.744263,-0.596191
1523148927628940,0.0912476,0.28656,-0.744507,-0.59613
1523148927651501,0.0916748,0.286682,-0.744385,-0.59613
1523148927666539,0.0913696,0.286682,-0.744324,-0.596252
1523148927688600,0.0908813,0.286804,-0.744324,-0.596252
1523148927711161,0.0899658,0.287231,-0.744202,-0.596313
1523148927726203,0.0888062,0.288025,-0.74408,-0.596313
1523148927748762,0.0877686,0.28894,-0.743713,-0.596436
1523148927771320,0.0874634,0.289307,-0.743347,-0.596741
1523148927776836,0.0881958,0.289124,-0.743225,-0.596924
1523148927793380,0.0894165,0.288513,-0.743286,-0.596985
1523148927816942,0.090271,0.288086,-0.743347,-0.596924
1523148927836493,0.09021,0.28772,-0.74353,-0.596924
1523148927853036,0.0901489,0.28772,-0.74353,-0.596924
1523148927874095,0.0901489,0.287781,-0.743469,-0.596924
1523148927907681,0.0897827,0.287537,-0.74353,-0.597046
1523148927913198,0.0896606,0.287292,-0.743652,-0.597046
1523148927934254,0.0895996,0.287292,-0.743652,-0.597046
1523148927956815,0.0898438,0.287048,-0.743713,-0.597046
1523148927973358,0.09021,0.286621,-0.743896,-0.596985
1523148927994416,0.090271,0.286377,-0.744263,-0.59668
1523148928016470,0.0895996,0.285645,-0.74408,-0.59729
1523148928033016,0.0893555,0.28595,-0.744324,-0.596924
1523148928061592,0.0908813,0.285156,-0.744446,-0.596863
1523148928076635,0.0921631,0.283813,-0.744812,-0.596924
1523148928094680,0.0935059,0.28363,-0.744629,-0.596985
1523148928114232,0.0941162,0.283386,-0.744446,-0.597229
1523148928136794,0.0943604,0.28302,-0.744385,-0.597412
1523148928153337,0.0946045,0.283203,-0.744202,-0.597534
1523148928174391,0.0946045,0.283691,-0.743896,-0.597656
1523148928196951,0.0938721,0.285217,-0.743408,-0.597717
1523148928213044,0.0927734,0.286499,-0.742859,-0.5979
1523148928241619,0.0921021,0.287842,-0.74231,-0.598083
1523148928256660,0.0923462,0.288269,-0.742126,-0.598083
1523148928273200,0.0927734,0.28833,-0.741943,-0.598145
1523148928294259,0.0935059,0.288208,-0.742004,-0.598083
1523148928316817,0.09375,0.288208,-0.741943,-0.598145
1523148928333360,0.0939941,0.288025,-0.741943,-0.598206
1523148928354418,0.093811,0.287842,-0.741882,-0.598389
1523148928376980,0.0935059,0.287659,-0.741882,-0.59845
1523148928393524,0.0935059,0.28772,-0.741882,-0.59845
1523148928414076,0.0935059,0.28772,-0.741882,-0.59845
1523148928436637,0.0935059,0.287781,-0.741882,-0.59845
1523148928453179,0.0935059,0.287781,-0.741882,-0.59845
1523148928474235,0.0935059,0.287781,-0.741882,-0.59845
1523148928496795,0.09375,0.287781,-0.742004,-0.598206
1523148928514843,0.093811,0.288025,-0.742188,-0.597839
1523148928534396,0.0933228,0.287537,-0.74231,-0.598083
1523148928556956,0.0931396,0.288147,-0.742249,-0.597839
1523148928574505,0.0942993,0.287476,-0.742188,-0.598083
1523148928594056,0.0950928,0.286255,-0.742371,-0.598267
1523148928616617,0.0964355,0.286133,-0.742249,-0.598267
1523148928634664,0.0969238,0.285645,-0.74231,-0.598389
1523148928654214,0.097168,0.285645,-0.742188,-0.598511
1523148928676775,0.0970459,0.286133,-0.741943,-0.598572
1523148928694822,0.0962524,0.286987,-0.741638,-0.598633
1523148928714404,0.0946655,0.288147,-0.741333,-0.598816
1523148928736935,0.093811,0.289368,-0.740784,-0.598938
1523148928754482,0.0935669,0.289673,-0.74054,-0.599121
1523148928774034,0.0942383,0.289368,-0.740417,-0.599365
1523148928796594,0.0952148,0.288879,-0.740234,-0.599609
1523148928814643,0.0963135,0.288635,-0.73999,-0.599915
1523148928834194,0.0968018,0.288513,-0.739685,-0.60022
1523148928856753,0.0967407,0.288879,-0.739441,-0.600403
1523148928874807,0.0963135,0.289307,-0.739258,-0.600464
1523148928894354,0.0962524,0.289673,-0.739197,-0.600342
1523148928916913,0.0961304,0.2901,-0.739258,-0.600159
1523148928934461,0.0957642,0.290466,-0.739258,-0.600037
1523148928954515,0.0953369,0.290527,-0.739319,-0.599976
1523148928977077,0.0952148,0.290222,-0.739624,-0.599792
1523148928994622,0.0955811,0.289856,-0.73999,-0.599426
1523148929014174,0.0953369,0.28949,-0.740356,-0.599182
1523148929036733,0.0950317,0.287964,-0.741577,-0.59845
1523148929054787,0.0955811,0.287659,-0.741943,-0.598083
1523148929074334,0.0969238,0.286194,-0.742493,-0.5979
1523148929096894,0.0984497,0.285156,-0.742737,-0.597839
1523148929114941,0.0997925,0.284546,-0.742676,-0.597961
1523148929133992,0.100037,0.283997,-0.742798,-0.598083
1523148929156551,0.100098,0.284058,-0.742737,-0.598083
1523148929174602,0.0997314,0.284241,-0.742737,-0.598022
1523148929203187,0.0990601,0.284485,-0.742798,-0.597961
1523148929216711,0.0980835,0.285034,-0.742798,-0.5979
1523148929234762,0.0968628,0.285706,-0.742676,-0.597839
1523148929255817,0.0957031,0.286926,-0.742371,-0.5979
1523148929276873,0.0945435,0.287598,-0.741882,-0.598328
1523148929294418,0.0945435,0.288391,-0.741394,-0.598572
1523148929315475,0.0950317,0.289307,-0.740906,-0.598694
1523148929336531,0.0958862,0.290161,-0.740356,-0.598755
1523148929354579,0.0964355,0.291016,-0.739929,-0.598816
1523148929375634,0.0968628,0.292053,-0.739502,-0.598816
1523148929396690,0.0969238,0.292908,-0.739258,-0.598633
1523148929414739,0.0964355,0.293396,-0.739258,-0.59845
1523148929435796,0.095459,0.294128,-0.739197,-0.598328
1523148929456851,0.0945435,0.294983,-0.739014,-0.598328
1523148929481918,0.0939941,0.295532,-0.738892,-0.598267
1523148929496957,0.093689,0.295532,-0.738892,-0.598267
1523148929516512,0.093689,0.295105,-0.739136,-0.598267
1523148929534561,0.0941162,0.294739,-0.73938,-0.598022
1523148929557120,0.09375,0.294312,-0.739624,-0.597961
1523148929576669,0.0941162,0.293457,-0.740479,-0.597351
1523148929594720,0.0953369,0.293274,-0.740417,-0.59729
1523148929617280,0.0968018,0.291626,-0.740784,-0.597351
1523148929636832,0.0979004,0.290527,-0.74115,-0.59729
1523148929654877,0.0985718,0.290161,-0.741333,-0.597168
1523148929676936,0.0979004,0.289551,-0.741577,-0.597229
1523148929696991,0.0969849,0.289978,-0.741577,-0.597168
1523148929714540,0.09552,0.290833,-0.741333,-0.597351
1523148929737097,0.0935059,0.291748,-0.741028,-0.597534
1523148929758152,0.0918579,0.292542,-0.740784,-0.597656
1523148929774700,0.0910034,0.293335,-0.74054,-0.597778
1523148929797256,0.0913086,0.293701,-0.740234,-0.597961
1523148929816811,0.0922852,0.293274,-0.740112,-0.598145
1523148929834858,0.09375,0.292664,-0.740112,-0.598206
1523148929856917,0.0950317,0.291809,-0.740234,-0.598206
1523148929876470,0.0953369,0.291138,-0.74054,-0.598145
1523148929894516,0.0950928,0.290649,-0.740845,-0.598022
1523148929917075,0.0947266,0.290344,-0.74115,-0.5979
1523148929938131,0.0944214,0.290039,-0.741394,-0.597778
1523148929954675,0.0944214,0.289734,-0.741516,-0.597778
1523148929977235,0.0942383,0.289429,-0.741638,-0.597839
1523148929996787,0.0939331,0.289368,-0.741638,-0.5979
1523148930019362,0.093689,0.289429,-0.741577,-0.597961
1523148930037396,0.09375,0.28949,-0.741577,-0.597961
1523148930056948,0.0939331,0.28949,-0.741699,-0.597778
1523148930074997,0.0928345,0.289551,-0.741333,-0.598389
1523148930097054,0.0928955,0.289856,-0.741638,-0.597839
1523148930118109,0.093689,0.289246,-0.742004,-0.597534
1523148930139166,0.0942383,0.287415,-0.742676,-0.597473
1523148930157216,0.0953979,0.286865,-0.74292,-0.59729
1523148930178270,0.0959473,0.286316,-0.743042,-0.59729
1523148930199326,0.0959473,0.285583,-0.743103,-0.597534
1523148930217375,0.0955811,0.285767,-0.74292,-0.597778
1523148930238431,0.0946045,0.286621,-0.742554,-0.597961
1523148930259486,0.0932617,0.288269,-0.741943,-0.598145
1523148930277033,0.0917969,0.289673,-0.74115,-0.598633
1523148930298092,0.0919189,0.291077,-0.740356,-0.598938
1523148930319144,0.0926514,0.292114,-0.739807,-0.59906
1523148930337194,0.0934448,0.292664,-0.73938,-0.599121
1523148930358251,0.0941162,0.293152,-0.739258,-0.598938
1523148930379307,0.0939331,0.29364,-0.739258,-0.598755
1523148930397353,0.0932007,0.29425,-0.739258,-0.598572
1523148930419915,0.0925293,0.294678,-0.739319,-0.598389
1523148930439467,0.09198,0.295044,-0.73938,-0.598267
1523148930457016,0.0916138,0.295349,-0.739258,-0.598267
1523148930479573,0.0913696,0.295288,-0.739197,-0.598389
1523148930499123,0.0913696,0.295349,-0.739075,-0.598511
1523148930517177,0.092041,0.295044,-0.739014,-0.598633
1523148930539735,0.0928345,0.294373,-0.739258,-0.598572
1523148930559286,0.0921631,0.293823,-0.73938,-0.598816
1523148930577332,0.0924072,0.292725,-0.740112,-0.598389
1523148930599390,0.093689,0.291443,-0.740417,-0.598389
1523148930619443,0.0951538,0.288452,-0.741272,-0.598633
1523148930636994,0.09729,0.286072,-0.741882,-0.598633
1523148930659552,0.0991211,0.28418,-0.742188,-0.598816
1523148930679104,0.100037,0.282227,-0.742676,-0.598999
1523148930697150,0.100403,0.281433,-0.742798,-0.599243
1523148930726232,0.0999146,0.281372,-0.742737,-0.599365
1523148930739766,0.0982666,0.282104,-0.742493,-0.599609
1523148930756311,0.0958862,0.283508,-0.742004,-0.599976
1523148930778869,0.0947876,0.28479,-0.741333,-0.600281
1523148930799925,0.0946655,0.286011,-0.740723,-0.600525
1523148930816473,0.0951538,0.28656,-0.740417,-0.600586
1523148930839029,0.0964355,0.286438,-0.740295,-0.600586
1523148930860084,0.0980225,0.286011,-0.740356,-0.600464
1523148930876127,0.0991211,0.2854,-0.74054,-0.600281
1523148930898687,0.0997925,0.284912,-0.740784,-0.600159
1523148930919743,0.0997314,0.284668,-0.740845,-0.600159
1523148930936291,0.0994263,0.284607,-0.740784,-0.600342
1523148930958848,0.0993652,0.28479,-0.74054,-0.600525
1523148930979904,0.0992432,0.285217,-0.740234,-0.600769
1523148931003968,0.0996704,0.285461,-0.73999,-0.60083
1523148931019009,0.100098,0.285522,-0.740112,-0.600586
1523148931040063,0.100098,0.285706,-0.740295,-0.600281
1523148931056627,0.0997314,0.2854,-0.741089,-0.599548
1523148931079169,0.100403,0.285828,-0.740906,-0.599487
1523148931099723,0.101868,0.28479,-0.741089,-0.599487
1523148931116267,0.103577,0.284363,-0.74115,-0.599365
1523148931146347,0.10498,0.284424,-0.741028,-0.599182
1523148931159889,0.105408,0.284485,-0.740967,-0.599182
1523148931176434,0.105347,0.285339,-0.740479,-0.599304
1523148931198986,0.105103,0.286377,-0.73999,-0.599487
1523148931220042,0.10437,0.287476,-0.739563,-0.59967
1523148931236587,0.103149,0.289429,-0.739014,-0.599609
1523148931258646,0.101318,0.291077,-0.73877,-0.599426
1523148931279701,0.0993042,0.292175,-0.738708,-0.599304
1523148931296245,0.0978394,0.292908,-0.738525,-0.599365
1523148931318804,0.0979614,0.293152,-0.738403,-0.599426
1523148931339863,0.0982666,0.292175,-0.738586,-0.599609
1523148931356408,0.0987549,0.290955,-0.738953,-0.59967
1523148931378966,0.0991821,0.289978,-0.739197,-0.599792
1523148931401526,0.0994263,0.289246,-0.739197,-0.600098
1523148931424086,0.0993652,0.288818,-0.739014,-0.600525
1523148931438624,0.0991211,0.288513,-0.738953,-0.600769
1523148931461184,0.0991211,0.288513,-0.738953,-0.600769
1523148931482243,0.098877,0.288208,-0.739075,-0.600769
1523148931498826,0.0986328,0.288025,-0.739319,-0.600708
1523148931521385,0.0985107,0.28772,-0.739563,-0.600464
1523148931535426,0.0982056,0.287354,-0.73999,-0.60022
1523148931558984,0.0974121,0.28656,-0.740784,-0.599731
1523148931581544,0.0981445,0.286133,-0.740845,-0.599731
1523148931595582,0.0994263,0.284363,-0.741394,-0.599731
1523148931618643,0.100342,0.283447,-0.74176,-0.599548
1523148931641709,0.101013,0.283569,-0.74176,-0.599365
1523148931655743,0.100891,0.283081,-0.741882,-0.599426
1523148931678804,0.100464,0.283386,-0.74176,-0.599548
1523148931701363,0.0999146,0.28418,-0.741516,-0.599548
1523148931715903,0.0991211,0.285156,-0.741333,-0.599487
1523148931738966,0.097168,0.286621,-0.74115,-0.599243
1523148931761524,0.0951538,0.287903,-0.741089,-0.59906
1523148931775562,0.0935669,0.288513,-0.741089,-0.598999
1523148931798623,0.0932007,0.288757,-0.74115,-0.598938
1523148931821186,0.093811,0.288757,-0.74115,-0.598816
1523148931835721,0.0944824,0.288574,-0.741028,-0.598938
1523148931858783,0.0949097,0.288452,-0.740784,-0.599243
1523148931881343,0.0953369,0.288696,-0.740417,-0.599548
1523148931902399,0.0953369,0.289001,-0.740112,-0.599792
1523148931918943,0.0952759,0.289185,-0.739929,-0.599854
1523148931947520,0.0949707,0.289368,-0.739929,-0.599854
1523148931962559,0.0946655,0.28949,-0.740051,-0.59967
1523148931978601,0.0946655,0.289246,-0.740295,-0.599487
1523148932001162,0.0942383,0.289001,-0.740601,-0.599304
1523148932022723,0.0934448,0.287781,-0.741455,-0.598999
1523148932038763,0.0934448,0.287476,-0.741516,-0.59906
1523148932061321,0.0945435,0.285828,-0.741699,-0.599426
1523148932082377,0.0955811,0.284302,-0.74176,-0.599915
1523148932098922,0.0969849,0.283875,-0.741333,-0.600464
1523148932121482,0.0974731,0.283325,-0.740906,-0.601074
1523148932142537,0.0978394,0.283691,-0.740417,-0.601501
1523148932164598,0.0976563,0.284241,-0.740173,-0.601624
1523148932181140,0.097168,0.284973,-0.73999,-0.601501
1523148932202202,0.0950928,0.286865,-0.739624,-0.601379
1523148932226266,0.0932007,0.288757,-0.739014,-0.601501
1523148932241308,0.09198,0.289917,-0.738342,-0.60199
1523148932262364,0.0918579,0.290588,-0.737976,-0.602112
1523148932278908,0.092041,0.291016,-0.737793,-0.602112
1523148932301472,0.0922241,0.291504,-0.737549,-0.602173
1523148932324027,0.0923462,0.292297,-0.737122,-0.602234
1523148932339070,0.0924072,0.293152,-0.736572,-0.602539
1523148932361126,0.0926514,0.293884,-0.736084,-0.602722
1523148932383688,0.0928345,0.294495,-0.735657,-0.602905
1523148932398225,0.0931396,0.295105,-0.735474,-0.602844
1523148932421288,0.0930176,0.295227,-0.735474,-0.602783
1523148932443846,0.0927124,0.29541,-0.735474,-0.602722
1523148932458384,0.0925293,0.295593,-0.735474,-0.602661
1523148932481449,0.0922852,0.295349,-0.735596,-0.602661
1523148932504006,0.0921021,0.294861,-0.735962,-0.602478
1523148932518043,0.0919189,0.294495,-0.736633,-0.601868
1523148932541105,0.0895386,0.293762,-0.736938,-0.602234
1523148932563665,0.0880737,0.293762,-0.737793,-0.601379
1523148932578203,0.0879517,0.293518,-0.738037,-0.601196
1523148932601267,0.0883789,0.291931,-0.738586,-0.601257
1523148932623826,0.0896606,0.291382,-0.738586,-0.601379
1523148932638364,0.0904541,0.291138,-0.738464,-0.601501
1523148932661426,0.0903931,0.290955,-0.738464,-0.601624
1523148932683986,0.0900269,0.291687,-0.73822,-0.601563
1523148932698022,0.0890503,0.292236,-0.738037,-0.601685
1523148932721586,0.0875244,0.293579,-0.737793,-0.601563
1523148932743644,0.0863647,0.294922,-0.737488,-0.60144
1523148932764701,0.0861206,0.295593,-0.737183,-0.601563
1523148932781244,0.0869141,0.295959,-0.736755,-0.601746
1523148932809820,0.0881348,0.29657,-0.736145,-0.60199
1523148932824861,0.0888062,0.297302,-0.735596,-0.602295
1523148932841406,0.0888062,0.297852,-0.735229,-0.602417
1523148932863963,0.0883789,0.298096,-0.735168,-0.602417
1523148932885023,0.0877075,0.298096,-0.735291,-0.602356
1523148932901564,0.0871582,0.297974,-0.735474,-0.602234
1523148932923623,0.0864258,0.297729,-0.735657,-0.602295
1523148932944678,0.0861206,0.297302,-0.73584,-0.602295
1523148932961223,0.0860596,0.296509,-0.736206,-0.602295
1523148932983783,0.0864258,0.295959,-0.736572,-0.602051
1523148933004842,0.0854492,0.29541,-0.736633,-0.602356
1523148933021384,0.0856323,0.294617,-0.737366,-0.601807
1523148933043944,0.0872192,0.294312,-0.737549,-0.601501
1523148933064999,0.0889893,0.292664,-0.738281,-0.601257
1523148933089062,0.0910034,0.291504,-0.738586,-0.601013
1523148933103602,0.0925293,0.290894,-0.738892,-0.600769
1523148933124657,0.0932007,0.290405,-0.739136,-0.600586
1523148933141202,0.0934448,0.290344,-0.739197,-0.600464
1523148933163762,0.0935059,0.290283,-0.739258,-0.600464
1523148933184819,0.0930786,0.289856,-0.73938,-0.600586
1523148933201363,0.0925903,0.289795,-0.739502,-0.600586
1523148933223922,0.0911255,0.290283,-0.739502,-0.600464
1523148933246481,0.0895386,0.291077,-0.739502,-0.600342
1523148933261523,0.0880127,0.291504,-0.73938,-0.600586
1523148933284081,0.0878296,0.291809,-0.739136,-0.600708
1523148933306142,0.0882568,0.291809,-0.738953,-0.60083
1523148933321183,0.0892944,0.291626,-0.738953,-0.600769
1523148933343742,0.0899658,0.291382,-0.739136,-0.600586
1523148933366803,0.0900269,0.29126,-0.739441,-0.600342
1523148933381340,0.0895386,0.291077,-0.739746,-0.600037
1523148933403900,0.0888672,0.290894,-0.740112,-0.599792
1523148933426461,0.088562,0.29071,-0.740479,-0.599487
1523148933441000,0.088562,0.290283,-0.740784,-0.599304
1523148933463560,0.088623,0.290161,-0.740967,-0.599182
1523148933486623,0.0888672,0.290161,-0.740967,-0.599121
1523148933500660,0.0890503,0.290039,-0.741089,-0.598938
1523148933523719,0.0889893,0.289978,-0.741333,-0.598694
1523148933546279,0.0875854,0.289917,-0.74115,-0.599182
1523148933567338,0.0870972,0.290283,-0.741516,-0.598694
1523148933583879,0.0875854,0.289673,-0.74176,-0.598511
1523148933606443,0.0883179,0.288635,-0.742126,-0.598511
1523148933620478,0.0894775,0.288208,-0.742065,-0.598633
1523148933644040,0.0903931,0.287354,-0.742065,-0.598816
1523148933666099,0.0911255,0.286926,-0.742004,-0.598999
1523148933680637,0.0915527,0.287109,-0.74176,-0.599182
1523148933703699,0.0913696,0.287354,-0.741516,-0.599426
1523148933726259,0.0906982,0.288757,-0.740967,-0.599548
1523148933740803,0.09021,0.289734,-0.740417,-0.599731
1523148933771378,0.09021,0.290405,-0.740112,-0.599854
1523148933786420,0.0905762,0.290955,-0.739868,-0.599792
1523148933807476,0.0910645,0.291626,-0.739624,-0.599792
1523148933824018,0.0911865,0.292053,-0.73938,-0.599854
1523148933846077,0.0910645,0.292358,-0.739136,-0.599915
1523148933867633,0.0906372,0.292358,-0.739197,-0.599976
1523148933883676,0.0900269,0.292236,-0.739258,-0.600037
1523148933906245,0.0897827,0.292114,-0.739319,-0.600037
1523148933934814,0.0897217,0.29187,-0.73938,-0.600098
1523148933943838,0.0897827,0.291748,-0.739319,-0.600281
1523148933966398,0.0899658,0.291748,-0.739197,-0.600403
1523148933988962,0.090332,0.291748,-0.739136,-0.600403
1523148934003997,0.090332,0.291748,-0.739136,-0.600403
1523148934026557,0.090332,0.291687,-0.739136,-0.600403
1523148934047112,0.0905151,0.291382,-0.739502,-0.600098
1523148934063656,0.0901489,0.291199,-0.739868,-0.599792
1523148934086216,0.0894775,0.290649,-0.73999,-0.599976
1523148934107272,0.0888672,0.290588,-0.740234,-0.599792
1523148934123824,0.0899048,0.289551,-0.74054,-0.599731
1523148934146878,0.0911865,0.287842,-0.740967,-0.599915
1523148934168937,0.0930786,0.287109,-0.740906,-0.600037
1523148934183978,0.0946045,0.28656,-0.740662,-0.600342
1523148934206537,0.0953369,0.286133,-0.74054,-0.600586
1523148934229096,0.0949097,0.286316,-0.740356,-0.60083
1523148934243636,0.09375,0.287415,-0.740051,-0.600769
1523148934266196,0.0922852,0.288269,-0.739868,-0.600891
1523148934289260,0.0912476,0.288635,-0.739746,-0.601013
1523148934303293,0.0908813,0.288696,-0.739624,-0.601135
1523148934326356,0.0908203,0.288879,-0.739502,-0.601257
1523148934348919,0.0908203,0.289124,-0.739319,-0.601318
1523148934362953,0.0908203,0.289246,-0.739319,-0.601318
1523148934386515,0.0907593,0.289307,-0.73938,-0.601196
1523148934416093,0.0906982,0.289368,-0.73938,-0.601196
1523148934423113,0.0906982,0.289429,-0.739319,-0.601196
1523148934446173,0.0906372,0.289368,-0.739319,-0.601196
1523148934468733,0.0906372,0.289368,-0.739319,-0.601196
1523148934483272,0.0905762,0.289612,-0.739319,-0.601196
1523148934506334,0.0906372,0.289551,-0.739319,-0.601196
1523148934528896,0.0901489,0.28949,-0.739746,-0.600769
1523148934542940,0.0888672,0.288818,-0.73999,-0.600952
1523148934566495,0.0872192,0.288757,-0.740723,-0.600403
1523148934589054,0.0870361,0.287842,-0.74115,-0.60022
1523148934603092,0.0878296,0.286194,-0.741638,-0.600342
1523148934626155,0.0899048,0.285522,-0.741455,-0.600586
1523148934648717,0.0917969,0.284668,-0.741333,-0.600891
1523148934663252,0.0934448,0.283997,-0.74115,-0.601135
1523148934686313,0.0942383,0.283508,-0.741089,-0.601379
1523148934708875,0.0942383,0.283447,-0.741089,-0.601379
1523148934729930,0.0939331,0.283936,-0.740906,-0.601379
1523148934754498,0.0927124,0.284973,-0.740601,-0.60144
1523148934769032,0.0910034,0.285889,-0.740356,-0.601563
1523148934789588,0.0898438,0.286682,-0.73999,-0.601807
1523148934806132,0.0900879,0.286865,-0.739685,-0.602112
1523148934828692,0.0910645,0.28656,-0.739319,-0.602539
1523148934849924,0.0922852,0.286377,-0.738953,-0.602844
1523148934866466,0.0931396,0.286072,-0.73877,-0.603088
1523148934889026,0.0933838,0.285828,-0.738831,-0.603149
1523148934910081,0.0930786,0.285522,-0.739014,-0.603088
1523148934926126,0.0924683,0.285583,-0.739197,-0.602905
1523148934948685,0.0917969,0.285767,-0.73938,-0.602783
1523148934977260,0.0909424,0.286072,-0.739441,-0.602661
1523148934986286,0.090332,0.286438,-0.739502,-0.602539
1523148935008846,0.0901489,0.286682,-0.739563,-0.602295
1523148935029900,0.09021,0.287476,-0.739563,-0.601929
1523148935046450,0.0899658,0.288696,-0.739441,-0.601563
1523148935069004,0.0892334,0.28949,-0.739075,-0.601685
1523148935090062,0.0888672,0.290955,-0.73877,-0.60144
1523148935106106,0.0899048,0.291199,-0.738586,-0.601379
1523148935128665,0.0913696,0.290161,-0.73877,-0.60144
1523148935151223,0.0932007,0.289734,-0.738708,-0.601501
1523148935166265,0.0942383,0.289124,-0.738708,-0.601624
1523148935188832,0.0943604,0.288574,-0.738708,-0.601807
1523148935211384,0.0936279,0.288757,-0.738647,-0.601868
1523148935226424,0.0923462,0.289307,-0.738525,-0.60199
1523148935248984,0.090271,0.2901,-0.738403,-0.602051
1523148935271613,0.0892334,0.290283,-0.738281,-0.602356
1523148935286652,0.0892334,0.290466,-0.738037,-0.602539
1523148935309713,0.0898438,0.290466,-0.737793,-0.602783
1523148935331271,0.0907593,0.290405,-0.73761,-0.602844
1523148935345808,0.0916138,0.290588,-0.737488,-0.602783
1523148935368870,0.0922241,0.290771,-0.737427,-0.602722
1523148935391432,0.0922241,0.290771,-0.737427,-0.602722
1523148935405970,0.0919189,0.291382,-0.737366,-0.602539
1523148935429030,0.0916138,0.292053,-0.737244,-0.602356
1523148935451089,0.0911865,0.292297,-0.737244,-0.602295
1523148935465627,0.0907593,0.292542,-0.737366,-0.602112
1523148935496208,0.0903931,0.292847,-0.737427,-0.60199
1523148935511250,0.0899048,0.292725,-0.737549,-0.601868
1523148935525788,0.0892944,0.292908,-0.737549,-0.601929
1523148935548851,0.088623,0.292603,-0.737854,-0.601746
1523148935571410,0.0875244,0.293274,-0.737793,-0.601685
1523148935592466,0.0875854,0.292236,-0.738098,-0.601807
1523148935609008,0.0879517,0.291016,-0.738403,-0.60199
1523148935631068,0.0889282,0.290955,-0.73822,-0.602112
1523148935652625,0.0894165,0.290405,-0.738159,-0.602356
1523148935668669,0.0899048,0.289978,-0.738159,-0.602539
1523148935691228,0.0899048,0.289917,-0.738159,-0.602539
1523148935712283,0.0895996,0.290283,-0.738098,-0.602478
1523148935728830,0.0881348,0.291504,-0.737915,-0.602356
1523148935751389,0.0866699,0.29248,-0.737549,-0.602539
1523148935772444,0.0864868,0.292969,-0.737183,-0.602722
1523148935788987,0.0872192,0.293396,-0.736938,-0.602783
1523148935811046,0.0884399,0.293823,-0.736633,-0.602722
1523148935833710,0.0894165,0.293884,-0.736511,-0.602722
1523148935848749,0.0899048,0.294006,-0.736511,-0.602539
1523148935871312,0.0895996,0.294373,-0.73645,-0.602478
1523148935892368,0.0891724,0.294922,-0.736328,-0.602417
1523148935908910,0.0888062,0.295288,-0.736267,-0.602417
1523148935931474,0.0884399,0.295471,-0.736267,-0.602356
1523148935952525,0.0883179,0.295898,-0.736206,-0.602234
1523148935969071,0.0883179,0.295898,-0.736206,-0.602234
1523148935991129,0.0883179,0.295959,-0.736206,-0.602234
1523148936012185,0.0884399,0.295837,-0.736206,-0.602295
1523148936028730,0.0888062,0.295288,-0.736511,-0.602112
1523148936051288,0.0888672,0.294861,-0.737061,-0.601685
1523148936073848,0.0877686,0.293884,-0.736877,-0.602478
1523148936088387,0.0877686,0.293945,-0.737244,-0.602051
1523148936111448,0.0891724,0.292297,-0.73761,-0.602173
1523148936140025,0.0905151,0.290039,-0.73822,-0.602295
1523148936149050,0.0921631,0.288818,-0.738525,-0.602295
1523148936171107,0.0926514,0.287354,-0.738953,-0.602356
1523148936193667,0.0922241,0.286499,-0.739258,-0.602478
1523148936208205,0.0906982,0.286804,-0.739075,-0.602783
1523148936231268,0.0888672,0.287842,-0.73877,-0.602905
1523148936253830,0.0864868,0.289124,-0.738525,-0.603027
1523148936268366,0.0841675,0.289734,-0.738281,-0.603271
1523148936297444,0.0830078,0.290283,-0.738098,-0.603394
1523148936313988,0.0826416,0.290344,-0.738037,-0.603516
1523148936328025,0.0830078,0.289978,-0.738098,-0.603577
1523148936351086,0.0834351,0.289734,-0.738098,-0.603638
1523148936373646,0.0837402,0.289551,-0.738159,-0.603638
1523148936388687,0.0836182,0.289185,-0.738403,-0.603516
1523148936418767,0.0831299,0.288879,-0.738708,-0.603271
1523148936433805,0.0825806,0.289063,-0.738892,-0.603088
1523148936448346,0.0821533,0.289185,-0.738953,-0.603027
1523148936471407,0.0820923,0.289246,-0.738892,-0.603027
1523148936494467,0.0820923,0.289246,-0.738892,-0.603027
1523148936508006,0.0821533,0.289124,-0.739075,-0.602905
1523148936531065,0.0822754,0.28894,-0.73938,-0.6026
1523148936553627,0.0818481,0.289246,-0.739807,-0.60199
1523148936568163,0.0807495,0.289001,-0.740173,-0.601746
1523148936591227,0.0795898,0.289429,-0.740417,-0.60144
1523148936613785,0.0800781,0.288269,-0.741028,-0.601196
1523148936634842,0.0809937,0.28656,-0.74176,-0.601013
1523148936651386,0.0827026,0.286194,-0.741821,-0.600891
1523148936673946,0.0838623,0.285645,-0.74176,-0.601013
1523148936696505,0.0845337,0.285339,-0.741516,-0.601379
1523148936711044,0.0846558,0.285583,-0.741211,-0.601624
1523148936733604,0.0843506,0.286316,-0.740906,-0.601685
1523148936754662,0.083252,0.287415,-0.740601,-0.601746
1523148936771205,0.0817871,0.288574,-0.740234,-0.601746
1523148936793763,0.0807495,0.289185,-0.739868,-0.602051
1523148936799277,0.0806274,0.289978,-0.73938,-0.602295
1523148936821840,0.0809326,0.290527,-0.739014,-0.602478
1523148936836891,0.081604,0.290588,-0.738831,-0.602539
1523148936858937,0.0820923,0.290649,-0.73877,-0.6026
1523148936881497,0.0826416,0.290894,-0.738647,-0.602539
1523148936896540,0.0830078,0.291077,-0.738464,-0.6026
1523148936919101,0.0831909,0.291077,-0.738403,-0.602661
1523148936941656,0.0834351,0.291199,-0.738342,-0.602661
1523148936956700,0.0834351,0.291199,-0.738342,-0.602661
1523148936979259,0.0831299,0.291138,-0.738403,-0.6026
1523148937001819,0.0829468,0.291199,-0.738464,-0.602478
1523148937016860,0.0827637,0.291138,-0.738708,-0.602295
1523148937039417,0.0809326,0.290833,-0.738525,-0.602905
1523148937061476,0.0806274,0.290833,-0.739136,-0.602234
1523148937076516,0.0814819,0.290283,-0.73938,-0.602051
1523148937106598,0.0821533,0.288635,-0.739868,-0.602173
1523148937121641,0.0835571,0.288086,-0.739868,-0.602234
1523148937136677,0.0846558,0.287903,-0.739624,-0.602417
1523148937159236,0.0854492,0.287537,-0.739624,-0.602539
1523148937181799,0.0858765,0.287476,-0.739563,-0.602539
1523148937196839,0.0858765,0.287415,-0.739624,-0.602539
1523148937222410,0.0857544,0.287842,-0.739502,-0.602478
1523148937250480,0.0853882,0.288574,-0.739258,-0.602417
1523148937256997,0.085083,0.289185,-0.739136,-0.602417
1523148937279060,0.0846558,0.289612,-0.739075,-0.602356
1523148937301621,0.0847778,0.290039,-0.739014,-0.602173
1523148937316656,0.0852051,0.290161,-0.738892,-0.602234
1523148937339216,0.0857544,0.290344,-0.738647,-0.602295
1523148937361776,0.0866089,0.290588,-0.738281,-0.602478
1523148937376816,0.0872803,0.29071,-0.738037,-0.602722
1523148937399375,0.0877686,0.29071,-0.737854,-0.602844
1523148937421434,0.0877686,0.290649,-0.737854,-0.602844
1523148937436474,0.0875854,0.290771,-0.737915,-0.602783
1523148937459036,0.0872192,0.291016,-0.737854,-0.602722
1523148937481594,0.086853,0.29071,-0.737915,-0.602905
1523148937496635,0.0866699,0.290405,-0.738159,-0.602722
1523148937526715,0.0866089,0.290222,-0.738586,-0.602295
1523148937541754,0.0860596,0.288818,-0.739746,-0.601624
1523148937558299,0.086792,0.288513,-0.739868,-0.601563
1523148937579354,0.0880127,0.286804,-0.740234,-0.601746
1523148937601916,0.0893555,0.285522,-0.740601,-0.601685
1523148937618462,0.0905762,0.28479,-0.740845,-0.601624
1523148937639013,0.0906372,0.283997,-0.74115,-0.601563
1523148937661572,0.0903931,0.283813,-0.741211,-0.601624
1523148937678118,0.0899658,0.283936,-0.741089,-0.601807
1523148937699173,0.0895996,0.284363,-0.740784,-0.60199
1523148937721734,0.0895386,0.284851,-0.740417,-0.602234
1523148937738280,0.0889893,0.285278,-0.740173,-0.602356
1523148937759333,0.0881348,0.286377,-0.739807,-0.602478
1523148937789915,0.0876465,0.287292,-0.73938,-0.6026
1523148937805457,0.0877075,0.287903,-0.739014,-0.602783
1523148937819497,0.0881958,0.288269,-0.73877,-0.602844
1523148937841551,0.0888062,0.288757,-0.738403,-0.602966
1523148937858099,0.0894775,0.288879,-0.738159,-0.603088
1523148937879153,0.0898438,0.288757,-0.738098,-0.60321
1523148937901713,0.0901489,0.289124,-0.737854,-0.603271
1523148937918260,0.0899048,0.289612,-0.73761,-0.603333
1523148937939315,0.0894165,0.289978,-0.737549,-0.603333
1523148937961871,0.0892334,0.290222,-0.737549,-0.603271
1523148937979919,0.0894165,0.290222,-0.737549,-0.60321
1523148937998987,0.0895386,0.290222,-0.737549,-0.60321
1523148938021531,0.09021,0.290222,-0.737549,-0.603088
1523148938039582,0.0904541,0.289978,-0.737915,-0.602722
1523148938059132,0.0892334,0.289429,-0.737549,-0.603638
1523148938081694,0.0889893,0.289978,-0.737793,-0.603088
1523148938099739,0.0900269,0.289124,-0.738037,-0.603088
1523148938119290,0.0908203,0.287476,-0.738525,-0.603149
1523148938141851,0.0919189,0.287292,-0.738403,-0.60321
1523148938159398,0.0922852,0.286865,-0.738342,-0.603394
1523148938178949,0.0919189,0.286316,-0.738403,-0.603638
1523148938202014,0.0910034,0.286743,-0.738342,-0.603699
1523148938219559,0.0898438,0.287781,-0.738098,-0.603638
1523148938239109,0.088623,0.289001,-0.737854,-0.603516
1523148938261669,0.0875244,0.289612,-0.73761,-0.603699
1523148938279721,0.0875244,0.2901,-0.737305,-0.603882
1523148938299270,0.0876465,0.290283,-0.737061,-0.604065
1523148938321829,0.0879517,0.290283,-0.736938,-0.604126
1523148938339377,0.0880127,0.290222,-0.737,-0.604065
1523148938360935,0.0874023,0.289795,-0.737366,-0.603943
1523148938381509,0.0864868,0.289551,-0.737793,-0.603699
1523148938399537,0.0856934,0.289673,-0.738098,-0.603333
1523148938419090,0.0855103,0.28949,-0.738525,-0.602966
1523148938441648,0.0860596,0.289368,-0.73877,-0.602661
1523148938459697,0.0869141,0.288818,-0.738953,-0.602539
1523148938479248,0.0875244,0.288391,-0.739197,-0.602295
1523148938501812,0.0877075,0.288635,-0.739441,-0.601929
1523148938519861,0.0871582,0.288208,-0.740173,-0.601257
1523148938546428,0.0835571,0.286621,-0.740723,-0.601868
1523148938561470,0.0803223,0.286255,-0.742493,-0.600281
1523148938579518,0.0775757,0.2854,-0.743774,-0.599548
1523148938600576,0.0750122,0.282288,-0.745422,-0.599243
1523148938621627,0.074646,0.281006,-0.746277,-0.598816
1523148938639676,0.0752563,0.280212,-0.746643,-0.598633
1523148938660732,0.0761108,0.279724,-0.746582,-0.598816
1523148938681797,0.0772095,0.28009,-0.746155,-0.59906
1523148938699837,0.0783081,0.281494,-0.745483,-0.599121
1523148938720391,0.0791016,0.283875,-0.744385,-0.599243
1523148938741947,0.0789185,0.286621,-0.743408,-0.599182
1523148938759503,0.0786133,0.287659,-0.74292,-0.599304
1523148938780550,0.0797119,0.288574,-0.742737,-0.598999
1523148938801610,0.0819702,0.289734,-0.742554,-0.598389
1523148938824167,0.0841064,0.290405,-0.742493,-0.597839
1523148938840711,0.0861206,0.290771,-0.742432,-0.597351
1523148938861765,0.0878906,0.291504,-0.742371,-0.596863
1523148938879815,0.0892944,0.292725,-0.742126,-0.596313
1523148938900872,0.0900879,0.29364,-0.742004,-0.595947
1523148938921926,0.0899658,0.294128,-0.742188,-0.595459
1523148938939473,0.0895996,0.294678,-0.742493,-0.59491
1523148938962033,0.0888672,0.294861,-0.742981,-0.594299
1523148938981584,0.088501,0.294983,-0.743591,-0.593506
1523148938999636,0.0876465,0.295227,-0.744446,-0.592468
1523148939022196,0.0854492,0.294922,-0.745422,-0.591675
1523148939041745,0.083252,0.295532,-0.746216,-0.590759
1523148939059793,0.0831299,0.294617,-0.74707,-0.590149
1523148939082353,0.0845337,0.29303,-0.747742,-0.589844
1523148939103409,0.0870361,0.29248,-0.747742,-0.589783
1523148939119453,0.0886841,0.291626,-0.747681,-0.590027
1523148939142012,0.0901489,0.291687,-0.747314,-0.590271
1523148939169084,0.0908813,0.292297,-0.746765,-0.590515
1523148939179613,0.0909424,0.292786,-0.746338,-0.590759
1523148939202176,0.0903931,0.293701,-0.746094,-0.590759
1523148939221724,0.0890503,0.295044,-0.74585,-0.590576
1523148939239775,0.0875244,0.296631,-0.745544,-0.590393
1523148939262333,0.0863647,0.297729,-0.745361,-0.590271
1523148939281885,0.0862427,0.298523,-0.745056,-0.59021
1523148939299935,0.086792,0.299011,-0.744934,-0.590088
1523148939321992,0.0874634,0.299072,-0.744812,-0.590088
1523148939341546,0.0883179,0.299011,-0.744812,-0.589966
1523148939359592,0.0888062,0.299011,-0.744873,-0.589844
1523148939382153,0.0889282,0.29895,-0.744934,-0.589783
1523148939401705,0.0889893,0.298889,-0.744995,-0.589783
1523148939419783,0.0890503,0.298828,-0.744995,-0.589722
1523148939442312,0.0889282,0.298889,-0.744995,-0.589722
1523148939461863,0.088623,0.299255,-0.744873,-0.589722
1523148939480414,0.088623,0.299622,-0.744812,-0.589722
1523148939501971,0.0888672,0.299988,-0.744873,-0.589294
1523148939529041,0.0874023,0.299805,-0.74469,-0.589844
1523148939538569,0.0874023,0.299377,-0.745667,-0.588928
1523148939562131,0.0883789,0.297852,-0.746033,-0.588989
1523148939583189,0.0900879,0.295349,-0.746826,-0.58905
1523148939599731,0.0924072,0.294922,-0.74646,-0.589355
1523148939622291,0.0941162,0.294556,-0.746094,-0.589783
1523148939643347,0.0947876,0.294434,-0.745667,-0.59021
1523148939659891,0.0946655,0.295166,-0.745178,-0.590454
1523148939681950,0.093689,0.296021,-0.744812,-0.590698
1523148939703005,0.0917358,0.297302,-0.744507,-0.590759
1523148939720053,0.0895386,0.298523,-0.744141,-0.590881
1523148939748626,0.0883789,0.298828,-0.743896,-0.591248
1523148939762162,0.0889893,0.299255,-0.74353,-0.59137
1523148939778706,0.0900879,0.29895,-0.743347,-0.591553
1523148939801771,0.0914307,0.298462,-0.743286,-0.591736
1523148939822322,0.0925903,0.298218,-0.743103,-0.591858
1523148939838867,0.0934448,0.297852,-0.743103,-0.59198
1523148939861427,0.093811,0.297424,-0.743164,-0.592041
1523148939883989,0.093811,0.297363,-0.743164,-0.592041
1523148939898027,0.0935059,0.297363,-0.743286,-0.59198
1523148939921087,0.0929565,0.297668,-0.743286,-0.591858
1523148939943645,0.0926514,0.298157,-0.743164,-0.591858
1523148939958184,0.0923462,0.298523,-0.742981,-0.591919
1523148939981245,0.092041,0.298706,-0.74292,-0.59198
1523148940003807,0.0921021,0.298889,-0.743103,-0.591675
1523148940026366,0.0919189,0.298706,-0.743713,-0.591064
1523148940041405,0.0900269,0.297729,-0.743652,-0.591858
1523148940063966,0.0893555,0.298157,-0.743774,-0.591553
1523148940078003,0.0905151,0.29657,-0.743958,-0.592041
1523148940101569,0.0924683,0.294739,-0.744263,-0.592224
1523148940123626,0.0947266,0.294495,-0.744019,-0.592285
1523148940138163,0.0960693,0.293762,-0.744019,-0.592468
1523148940161225,0.0969238,0.293579,-0.743835,-0.59259
1523148940183789,0.0969849,0.293701,-0.743774,-0.592651
1523148940198322,0.0960693,0.294006,-0.743591,-0.592834
1523148940221384,0.0943604,0.295227,-0.743286,-0.592896
1523148940243947,0.0922241,0.296875,-0.742798,-0.593018
1523148940257981,0.0904541,0.297974,-0.742249,-0.593384
1523148940281544,0.0899658,0.298706,-0.74176,-0.593689
1523148940304107,0.0906372,0.299072,-0.741455,-0.593811
1523148940318148,0.0917358,0.29895,-0.741333,-0.593872
1523148940341204,0.0933228,0.298828,-0.741211,-0.593811
1523148940363764,0.0949707,0.298523,-0.741211,-0.593811
1523148940384819,0.0960083,0.298035,-0.741211,-0.593811
1523148940402368,0.0968628,0.298035,-0.741211,-0.593689
1523148940423925,0.0970459,0.298279,-0.741089,-0.593628
1523148940444980,0.0968628,0.298767,-0.740967,-0.593567
1523148940461023,0.0967407,0.299561,-0.740784,-0.593445
1523148940489599,0.0968628,0.300537,-0.740662,-0.593079
1523148940504639,0.0968018,0.300964,-0.740784,-0.592773
1523148940521182,0.0968018,0.300781,-0.741272,-0.592224
1523148940543742,0.0963135,0.30011,-0.742126,-0.591614
1523148940564798,0.0946655,0.298767,-0.74231,-0.592285
1523148940581843,0.093689,0.29834,-0.743225,-0.591553
1523148940603903,0.0941772,0.296387,-0.743652,-0.591858
1523148940624958,0.095459,0.293823,-0.744324,-0.592102
1523148940641502,0.097229,0.292969,-0.744263,-0.592285
1523148940663561,0.0983276,0.291748,-0.744507,-0.592468
1523148940684617,0.0987549,0.291443,-0.744385,-0.592651
1523148940701162,0.0982056,0.291748,-0.74408,-0.592957
1523148940723729,0.0968018,0.293213,-0.74353,-0.593201
1523148940744780,0.0947266,0.295593,-0.742859,-0.593201
1523148940761322,0.0932007,0.297058,-0.74231,-0.593384
1523148940783882,0.0932617,0.298096,-0.741821,-0.593506
1523148940806441,0.0943604,0.298706,-0.741455,-0.593384
1523148940829001,0.0959473,0.298767,-0.741272,-0.593384
1523148940843540,0.0975952,0.298706,-0.74115,-0.593323
1523148940866604,0.0987549,0.298767,-0.740906,-0.593384
1523148940881141,0.0996094,0.298767,-0.740723,-0.593445
1523148940903700,0.100037,0.298706,-0.740723,-0.593445
1523148940933783,0.0997314,0.298828,-0.740723,-0.593445
1523148940940799,0.0990601,0.299805,-0.740662,-0.59314
1523148940963860,0.0982056,0.300842,-0.74054,-0.592896
1523148940986420,0.0966187,0.301147,-0.740845,-0.59259
1523148941000458,0.0946045,0.301758,-0.741333,-0.59198
1523148941023519,0.0921631,0.30188,-0.742126,-0.59137
1523148941046582,0.0888672,0.300781,-0.743408,-0.590759
1523148941074656,0.0875244,0.300964,-0.743774,-0.590454
1523148941083681,0.0877075,0.298279,-0.744446,-0.590881
1523148941106739,0.0895386,0.296631,-0.744812,-0.591003
1523148941134814,0.0911255,0.295593,-0.744934,-0.591125
1523148941143838,0.0918579,0.294128,-0.745178,-0.591492
1523148941166401,0.0921021,0.293396,-0.745239,-0.591736
1523148941180437,0.0916748,0.293152,-0.745178,-0.59198
1523148941203999,0.0906372,0.293762,-0.744934,-0.592163
1523148941226058,0.0890503,0.295532,-0.744263,-0.592346
1523148941240596,0.0870972,0.297119,-0.743652,-0.59259
1523148941263657,0.0859985,0.297974,-0.743225,-0.592834
1523148941286217,0.0863647,0.298218,-0.743042,-0.592957
1523148941307275,0.0878296,0.298035,-0.74292,-0.592957
1523148941323819,0.0898438,0.297241,-0.742981,-0.593018
1523148941346379,0.0918579,0.296387,-0.743103,-0.592957
1523148941367434,0.0936279,0.295532,-0.743286,-0.592834
1523148941384000,0.0949097,0.294922,-0.743469,-0.592712
1523148941406036,0.0958252,0.294556,-0.743652,-0.592529
1523148941427093,0.0962524,0.294556,-0.743774,-0.592346
1523148941443636,0.0960693,0.294678,-0.743835,-0.592224
1523148941466198,0.0953369,0.2948,-0.743896,-0.592163
1523148941487255,0.0944214,0.294617,-0.74408,-0.592163
1523148941503797,0.0930786,0.294067,-0.744568,-0.592102
1523148941526358,0.0911865,0.293884,-0.744995,-0.591858
1523148941547417,0.0883789,0.293213,-0.744934,-0.592773
1523148941563957,0.086731,0.29364,-0.745422,-0.592163
1523148941586516,0.0869141,0.292419,-0.745667,-0.592407
1523148941607573,0.0888062,0.290649,-0.746216,-0.592346
1523148941624618,0.0914307,0.289673,-0.746216,-0.592407
1523148941646179,0.0930786,0.28833,-0.74646,-0.592468
1523148941667231,0.0935669,0.288208,-0.746399,-0.59259
1523148941683782,0.0927124,0.289124,-0.746094,-0.592651
1523148941706337,0.0907593,0.290771,-0.745728,-0.592651
1523148941727392,0.0882568,0.29248,-0.7453,-0.592712
1523148941743435,0.0872803,0.293457,-0.744873,-0.592834
1523148941766495,0.0874634,0.294373,-0.744446,-0.592896
1523148941788554,0.0884399,0.294617,-0.744202,-0.592957
1523148941803594,0.0899048,0.294617,-0.743958,-0.593079
1523148941826161,0.0914917,0.294861,-0.743591,-0.59314
1523148941848715,0.0927124,0.294983,-0.743225,-0.593323
1523148941863756,0.0935059,0.295288,-0.742859,-0.593506
1523148941886315,0.0939331,0.295898,-0.742554,-0.593567
1523148941908875,0.0936279,0.296387,-0.742432,-0.593506
1523148941922914,0.0928955,0.296997,-0.742371,-0.593384
1523148941946473,0.09198,0.297546,-0.742432,-0.593201
1523148941968533,0.0907593,0.297852,-0.742554,-0.593018
1523148941983076,0.0894775,0.297974,-0.742737,-0.592957
1523148942006136,0.0879517,0.298035,-0.743103,-0.592712
1523148942028695,0.0862427,0.297729,-0.743958,-0.59198
1523148942049750,0.0836182,0.295349,-0.745911,-0.591125
1523148942066293,0.0828857,0.294006,-0.746765,-0.59082
1523148942088854,0.0837402,0.290955,-0.747803,-0.590942
1523148942109914,0.0866699,0.289856,-0.747742,-0.591125
1523148942126453,0.088623,0.288513,-0.747681,-0.591553
1523148942149017,0.0894775,0.287903,-0.747437,-0.592041
1523148942163051,0.0889893,0.288818,-0.746826,-0.592468
1523148942186113,0.0875854,0.290466,-0.746155,-0.592651
1523148942208672,0.0852051,0.292542,-0.745544,-0.592773
1523148942223212,0.0838013,0.293823,-0.745117,-0.592896
1523148942246774,0.0839233,0.294861,-0.74469,-0.592896
1523148942268836,0.085022,0.29541,-0.744385,-0.592834
1523148942289889,0.0869141,0.295471,-0.744141,-0.592834
1523148942306433,0.0889282,0.295776,-0.743713,-0.592896
1523148942328992,0.0904541,0.296265,-0.743286,-0.592957
1523148942350048,0.0915527,0.296448,-0.743042,-0.593079
1523148942366592,0.0918579,0.296814,-0.742798,-0.593079
1523148942388652,0.0915527,0.297485,-0.742615,-0.593018
1523148942409711,0.0911865,0.298157,-0.742432,-0.592957
1523148942426251,0.0905151,0.298584,-0.742432,-0.592896
1523148942448815,0.0897217,0.299133,-0.742432,-0.592712
1523148942469869,0.088501,0.299255,-0.742737,-0.592468
1523148942486413,0.0863647,0.299377,-0.743042,-0.592285
1523148942508970,0.0842285,0.299805,-0.743286,-0.592102
1523148942530026,0.0817261,0.299866,-0.743713,-0.591919
1523148942546070,0.0794067,0.300049,-0.744263,-0.591431
1523148942568630,0.0767822,0.299438,-0.744324,-0.59198
1523148942589688,0.0759888,0.299316,-0.744873,-0.591492
1523148942606230,0.0779419,0.297241,-0.745178,-0.591858
1523148942628791,0.0811157,0.294983,-0.745483,-0.592224
1523148942649849,0.085022,0.293701,-0.745361,-0.592468
1523148942665390,0.0875854,0.292053,-0.745483,-0.592712
1523148942688949,0.0886841,0.291687,-0.745361,-0.592957
1523148942711511,0.0880737,0.29187,-0.7453,-0.593018
1523148942725548,0.0858765,0.292664,-0.7453,-0.592896
1523148942748610,0.0836792,0.293396,-0.745239,-0.592957
1523148942771169,0.0829468,0.293457,-0.745178,-0.59314
1523148942786209,0.0836182,0.293762,-0.744995,-0.59314
1523148942808769,0.0847778,0.293579,-0.744812,-0.593201
1523148942831331,0.0864258,0.293335,-0.744629,-0.593384
1523148942845869,0.0877075,0.293274,-0.744446,-0.593445
1523148942868931,0.0882568,0.292969,-0.744446,-0.593506
1523148942891489,0.0881958,0.292664,-0.744629,-0.593445
1523148942905526,0.0880127,0.29248,-0.744873,-0.593201
1523148942928589,0.0872192,0.292175,-0.745178,-0.593079
1523148942951148,0.0861816,0.291931,-0.745483,-0.592957
1523148942965688,0.085083,0.291626,-0.74585,-0.592834
1523148942988749,0.0836182,0.291565,-0.746155,-0.592712
1523148943011311,0.0825806,0.291687,-0.746521,-0.592346
1523148943032364,0.0808716,0.290466,-0.747192,-0.592285
1523148943048910,0.0805664,0.290405,-0.747559,-0.59198
1523148943078988,0.081604,0.287598,-0.748291,-0.592224
1523148943085506,0.0838623,0.286011,-0.748657,-0.592224
1523148943108568,0.0861816,0.284729,-0.74884,-0.592224
1523148943131132,0.0877075,0.282837,-0.749329,-0.592285
1523148943146174,0.088562,0.282349,-0.749451,-0.592285
1523148943168729,0.0881348,0.282654,-0.749329,-0.592346
1523148943191287,0.0863037,0.284058,-0.749084,-0.592346
1523148943212343,0.0839233,0.285278,-0.748779,-0.592407
1523148943228887,0.0828247,0.285706,-0.748596,-0.59259
1523148943251447,0.083313,0.286133,-0.748352,-0.59259
1523148943272502,0.0846558,0.286011,-0.748169,-0.592712
1523148943295064,0.0866699,0.286011,-0.747864,-0.592834
1523148943311105,0.088623,0.286316,-0.747437,-0.592957
1523148943332162,0.090271,0.28656,-0.74707,-0.593018
1523148943348706,0.0914307,0.286499,-0.746887,-0.59314
1523148943371266,0.092041,0.286682,-0.746765,-0.593079
1523148943392331,0.09198,0.287048,-0.746765,-0.592957
1523148943408866,0.0912476,0.287231,-0.746826,-0.592834
1523148943431426,0.0901489,0.287415,-0.747131,-0.59259
1523148943452481,0.0887451,0.286987,-0.747742,-0.592163
1523148943469025,0.0864868,0.286194,-0.748779,-0.591614
1523148943491585,0.0836182,0.285645,-0.749939,-0.590759
1523148943512140,0.0803833,0.284912,-0.751282,-0.589905
1523148943528183,0.0758057,0.282837,-0.753052,-0.589233
1523148943551246,0.0734253,0.28241,-0.753967,-0.588562
1523148943573806,0.072998,0.279846,-0.755066,-0.58844
1523148943588343,0.0756226,0.278625,-0.755371,-0.588318
1523148943611405,0.0789185,0.276978,-0.755676,-0.588257
1523148943633967,0.0821533,0.276001,-0.755615,-0.588379
1523148943649005,0.0841675,0.276306,-0.754944,-0.588806
1523148943671564,0.0839844,0.277588,-0.753906,-0.589539
1523148943693626,0.0819702,0.280212,-0.752686,-0.59021
1523148943708665,0.0800171,0.281921,-0.75177,-0.59082
1523148943731232,0.0797729,0.28302,-0.75116,-0.591125
1523148943753785,0.0806885,0.283936,-0.750549,-0.591248
1523148943768824,0.0823975,0.284424,-0.75,-0.591492
1523148943791384,0.0847168,0.285034,-0.749329,-0.591675
1523148943813945,0.086792,0.2854,-0.748779,-0.59198
1523148943827981,0.088623,0.285828,-0.748352,-0.592041
1523148943851043,0.0900269,0.286072,-0.748047,-0.592041
1523148943873601,0.0907593,0.286133,-0.747986,-0.59198
1523148943888142,0.0908203,0.286316,-0.748047,-0.591858
1523148943911704,0.090271,0.286682,-0.748047,-0.591675
1523148943933763,0.0895996,0.286926,-0.748169,-0.591492
1523148943948301,0.0886841,0.286377,-0.748596,-0.591431
1523148943971363,0.0875854,0.285278,-0.749207,-0.59137
1523148943993923,0.0847168,0.283325,-0.749451,-0.592407
1523148944014979,0.0807495,0.282532,-0.750854,-0.591553
1523148944031022,0.0769653,0.279419,-0.75238,-0.591614
1523148944053581,0.076355,0.277222,-0.753906,-0.590759
1523148944075141,0.076355,0.275757,-0.755127,-0.589905
1523148944091197,0.0757446,0.27533,-0.75592,-0.589111
1523148944113759,0.0728149,0.277527,-0.755493,-0.58905
1523148944134813,0.069397,0.282776,-0.753418,-0.5896
1523148944151356,0.0692749,0.28717,-0.751526,-0.589905
1523148944173918,0.0740356,0.288574,-0.750854,-0.589539
1523148944194972,0.0827637,0.288452,-0.750244,-0.589172
1523148944211515,0.0941772,0.287659,-0.749207,-0.589172
1523148944234077,0.105957,0.285645,-0.748474,-0.589111
1523148944254630,0.115051,0.282043,-0.748413,-0.589172
1523148944271175,0.123596,0.279419,-0.748352,-0.588745
1523148944293734,0.131165,0.274902,-0.748596,-0.588989
